# Blender 4.3.2
# www.blender.org
mtllib MantaIsland.mtl
o Cube
v 87.028183 0.764574 16.062038
v 38.166866 9.335977 -9.777040
v -4.068523 -0.654939 21.059786
v 42.717159 9.335977 -8.655492
v 3.462474 9.807543 18.878994
v 3.462471 -10.832161 0.000000
v 46.225033 9.335977 -5.547787
v 3.462474 9.807543 0.000000
v 0.462760 -2.440268 34.732670
v 47.886879 9.335977 -1.165859
v 0.462761 3.358327 34.732670
v 3.462471 -8.263008 18.878994
v 47.321987 9.335977 3.486443
v -1.879022 -4.447265 18.749449
v -1.879019 3.565892 18.749447
v 44.659763 9.335977 7.343335
v -1.860040 7.044538 0.000000
v -1.860042 -6.447265 0.000000
v 0.485422 0.769994 38.632782
v 40.510098 9.335977 9.521246
v 70.485779 0.769994 35.579235
v 35.823631 9.335977 9.521246
v 7.086321 0.769994 79.684830
v 44.217091 0.769994 79.684830
v -0.839360 0.442793 33.702579
v 31.673960 9.335977 7.343335
v 12.373092 1.173286 114.410889
v 29.011747 9.335977 3.486443
v 35.107910 1.173286 114.410889
v 11.143147 -1.876132 78.752548
v 28.446854 9.335977 -1.165859
v 9.436993 -0.641352 79.187592
v 9.439285 2.190639 79.185173
v 11.143157 3.420667 78.752548
v 30.108698 9.335977 -5.547787
v 4.814023 -5.676984 39.389008
v 3.302820 -4.419362 39.292572
v 33.616573 9.335977 -8.655492
v 2.924243 -5.037627 38.520153
v 3.525966 -5.836946 38.179871
v 3.303859 5.968749 39.293301
v 4.814036 7.221518 39.389008
v 3.525968 7.381479 38.179871
v 2.953880 6.495736 38.565754
v 14.404952 1.010826 111.996620
v 14.404963 2.256514 111.996620
v 57.824478 9.807543 18.878994
v 75.287605 7.728098 17.380081
v 68.130043 -8.263008 18.878994
v 76.174919 -6.143307 17.370872
v 83.509369 -6.091025 0.000000
v 68.133163 -10.832161 0.000000
v 57.827595 9.807543 0.000000
v 82.627205 7.677163 0.000000
v 50.736332 7.221518 36.609604
v 63.801811 5.746511 36.312038
v 64.715813 -4.199346 36.311497
v 61.041901 -5.676984 36.609600
v 39.436943 3.420667 78.752548
v 41.302654 1.956429 79.267540
v 41.303696 -0.408967 79.269455
v 39.436993 -1.876133 78.752548
v 31.179777 2.256513 111.996620
v 31.179829 1.010826 111.996620
v 18.254211 1.173286 121.229469
v 87.028183 0.764574 -16.062038
v -4.068523 -0.654939 -21.059786
v 3.462474 9.807543 -18.878994
v 0.462760 -2.440268 -34.732670
v 0.462761 3.358327 -34.732670
v 3.462471 -8.263008 -18.878994
v -1.879022 -4.447265 -18.749449
v -1.879019 3.565892 -18.749447
v 0.485422 0.769994 -38.632782
v 70.485779 0.769994 -35.579235
v 7.086321 0.769994 -79.684830
v 44.217091 0.769994 -79.684830
v -0.839360 0.442793 -33.702579
v 12.373092 1.173286 -114.410889
v 35.107910 1.173286 -114.410889
v 11.143147 -1.876132 -78.752548
v 9.436993 -0.641352 -79.187592
v 9.439285 2.190639 -79.185173
v 11.143157 3.420667 -78.752548
v 4.814023 -5.676984 -39.389008
v 3.302820 -4.419362 -39.292572
v 2.924243 -5.037627 -38.520153
v 3.525966 -5.836946 -38.179871
v 3.303859 5.968749 -39.293301
v 4.814036 7.221518 -39.389008
v 3.525968 7.381479 -38.179871
v 2.953880 6.495736 -38.565754
v 14.404952 1.010826 -111.996620
v 14.404963 2.256514 -111.996620
v 57.824478 9.807543 -18.878994
v 75.287605 7.728098 -17.380081
v 68.130043 -8.263008 -18.878994
v 76.174919 -6.143307 -17.370872
v 50.736332 7.221518 -36.609604
v 63.801811 5.746511 -36.312038
v 64.715813 -4.199346 -36.311497
v 61.041901 -5.676984 -36.609600
v 39.436943 3.420667 -78.752548
v 41.302654 1.956429 -79.267540
v 41.303696 -0.408967 -79.269455
v 39.436993 -1.876133 -78.752548
v 31.179777 2.256513 -111.996620
v 31.179829 1.010826 -111.996620
v 18.254211 1.173286 -121.229469
v 70.808022 8.330422 18.595121
v 70.808037 8.330356 0.000000
v 71.721794 -9.921647 0.000000
v 71.721802 -6.783512 18.594521
v 80.195328 0.769994 21.142160
v 70.808022 8.330422 -18.595121
v 80.195328 0.769994 -21.142160
v 71.721802 -6.783512 -18.594521
v 104.638245 1.464937 8.087747
v 106.165062 3.924315 0.318969
v 103.702591 -1.987075 -0.000000
v 109.199509 1.446721 -4.391934
v 106.327599 2.908212 3.597681
v 106.683235 0.179982 3.563748
v 106.327599 2.908212 -3.597681
v 106.683235 0.179982 -3.563748
v 103.278008 4.971292 8.751423
v 103.258400 4.945644 -0.000000
v 106.500069 0.395203 -0.000000
v 103.724792 -2.013401 8.746785
v 109.199509 1.446721 4.391934
v 103.278008 4.971292 -8.751423
v 104.638245 1.464937 -8.087747
v 103.724792 -2.013401 -8.746785
v 236.776901 1.432127 -0.000000
v 229.339661 1.411182 2.391935
v 228.721985 3.888776 0.318969
v 229.771408 0.359665 -0.000000
v 229.339661 1.411182 -2.391935
v 217.520874 2.872674 1.597681
v 217.876526 0.144444 1.563748
v 217.520874 2.872674 -1.597681
v 217.876526 0.144444 -1.563748
v 9.618456 1.115877 17.385040
v 7.634162 -4.323727 13.234091
v 7.634163 5.867927 13.234091
v 7.647561 4.986093 0.000000
v 7.647559 -4.323727 0.000000
v 9.618456 1.115877 -17.385040
v 7.634162 -4.323727 -13.234091
v 7.634163 5.867927 -13.234091
v 1.580317 -4.402342 16.743864
v 0.394162 0.000518 18.462080
v 1.580320 5.946754 -9.919885
v 0.394162 0.000518 -18.462080
v 1.580320 5.946754 9.919885
v 1.597270 7.219481 0.000000
v 1.597268 -5.675070 0.000000
v 1.580317 -4.402342 -16.743864
v -1.869529 6.607844 9.374723
v 3.462474 9.807543 9.439497
v -1.869529 6.607844 -9.374723
v 3.462474 9.807543 -9.439497
v -9.582884 -1.337731 18.417086
v -13.425550 0.323782 16.671640
v -9.582884 -1.337731 -18.417086
v -13.425550 0.323782 -16.671640
v -14.971537 2.024246 9.589099
v -14.971537 2.024246 -9.589099
v -18.007715 -3.482397 10.060149
v -19.855305 -3.094660 9.220923
v -18.007715 -3.482397 -10.060149
v -19.855305 -3.094660 -9.220923
v -20.598625 -2.277063 5.815582
v -20.598625 -2.277063 -5.815582
v 25.186138 1.264625 26.727545
v 22.721594 -5.674083 21.811214
v 22.782993 7.203575 21.910833
v 20.153601 4.322397 0.000000
v 20.153597 -9.939141 0.000000
v 25.186138 1.264625 -26.727545
v 22.721594 -5.674083 -21.811214
v 22.782993 7.203575 -21.910833
v 34.390339 -5.956933 20.631426
v 34.390343 8.668254 20.631426
v 34.411228 4.322397 0.000000
v 34.411228 -9.939141 0.000000
v 34.390339 -5.956933 -20.631426
v 34.390343 8.668254 -20.631426
v 56.336369 1.255366 27.477648
v 53.741997 -5.674083 21.811214
v 53.775841 7.203574 21.910833
v 55.223812 4.322397 0.000000
v 55.223812 -9.939141 0.000000
v 56.336369 1.255366 -27.477648
v 53.741997 -5.674083 -21.811214
v 53.775841 7.203574 -21.910833
v 68.479454 1.144563 19.319241
v 66.274391 -4.900233 14.706469
v 66.274391 6.425309 14.706469
v 66.289276 6.425309 -0.000000
v 66.289276 -9.141203 -0.000000
v 68.479454 1.144563 -19.319242
v 66.274391 -4.900233 -14.706470
v 66.274391 6.425309 -14.706470
v 81.533928 1.103535 16.552830
v 79.644615 -4.075678 12.600582
v 79.644615 5.628107 12.600582
v 79.657372 5.628107 -0.000000
v 79.657372 -4.075678 -0.000000
v 81.533928 1.103535 -16.552832
v 79.644615 -4.075678 -12.600582
v 79.644615 5.628107 -12.600582
v 92.419952 1.060941 11.961478
v 90.858444 -3.219657 10.414329
v 90.858444 4.800481 10.414329
v 90.868988 4.800481 -0.000000
v 90.868988 -3.219657 -0.000000
v 92.419952 1.060941 -11.961479
v 90.858444 -3.219657 -10.414329
v 90.858444 4.800481 -10.414329
v 93.574501 2.772255 -1.125782
v 23.226147 1.259996 27.102596
v 20.132711 8.668254 20.631426
v 20.132710 -5.956933 20.631426
v 23.226147 1.259996 -27.102596
v 20.132711 8.668254 -20.631426
v 20.132710 -5.956933 -20.631426
v 34.390343 -5.674083 21.811214
v 34.390343 -5.674083 -21.811214
v 34.390343 7.203575 -21.910833
v 34.390343 7.203575 21.910833
v 58.296356 1.259996 27.102596
v 55.202923 8.668254 20.631426
v 55.202919 -5.956933 20.631426
v 58.296356 1.259996 -27.102596
v 55.202923 8.668254 -20.631426
v 55.202919 -5.956933 -20.631426
v 23.595896 -0.589617 77.799026
v 22.590267 2.850404 63.168583
v 22.575779 -4.066795 63.994865
v 23.595896 -0.589617 -86.730164
v 22.590267 2.850404 -71.222664
v 22.575779 -4.066795 -72.048935
v 19.065830 -0.509371 70.015533
v 19.065830 -0.509371 -78.069618
v 30.723513 -0.568730 -78.357277
v 30.723513 -0.568730 70.303192
v 18.254402 2.799922 63.360359
v 18.214045 -4.013595 64.171387
v 18.254402 2.799922 -71.414436
v 18.214045 -4.013595 -72.225464
v 29.829975 2.931078 62.850224
v 29.805189 -4.148349 63.713707
v 29.829975 2.931078 -70.904305
v 29.805189 -4.148349 -71.767784
v 34.400776 -5.744294 -12.960436
v 55.213360 -5.744294 -12.960436
v 20.143152 -5.744294 -12.960436
v 20.143152 -5.744294 12.960436
v 34.400776 -5.744294 12.960436
v 55.213360 -5.744294 12.960436
v 73.417839 -3.231439 -4.756677
v 66.281830 -4.055993 9.238444
v 73.417831 -3.231439 4.756677
v 66.281830 -4.055993 -9.238443
v 128.921875 0.172874 1.124005
v 151.160553 0.165767 4.124675
v 173.399200 0.158659 1.476706
v 195.637848 0.151551 1.963748
v 128.566238 2.901104 -5.237424
v 150.804901 2.893997 -1.436754
v 173.043564 2.886889 -3.284723
v 195.282211 2.879781 -1.997681
v 195.637863 0.151551 -1.963748
v 173.399216 0.158659 -3.250790
v 151.160553 0.165767 -1.402821
v 128.921875 0.172874 -5.203490
v 133.227524 1.439613 -6.031677
v 157.255569 1.432505 -2.231008
v 181.283600 1.425398 -4.078977
v 205.311630 1.418290 -2.791934
v 205.311630 1.418290 2.791934
v 181.283600 1.425398 2.304893
v 157.255569 1.432505 4.952861
v 133.227524 1.439613 1.952191
v 131.154343 0.388096 -2.039743
v 155.808609 0.380988 1.360927
v 180.462875 0.373880 -0.887042
v 205.117142 0.366773 -0.000000
v 130.676437 3.917207 -1.720774
v 155.187820 3.910100 1.679896
v 179.699203 3.902992 -0.568073
v 204.210602 3.895884 0.318969
v 195.282227 2.879781 1.997681
v 173.043579 2.886889 1.510639
v 150.804901 2.893997 4.158607
v 128.566238 2.901104 1.157938
v 22.579735 9.933601 5.925782
v 21.861959 9.933601 0.014364
v 27.112324 9.933601 12.492367
v 42.156364 9.933601 16.200388
v 53.753998 9.933601 5.925782
v 54.471771 9.933601 0.014364
v 49.221409 9.933601 12.492367
v 34.177368 9.933601 16.200388
v 21.617971 9.933601 -1.995036
v 30.419725 9.933601 -14.746576
v 24.447371 9.933601 -9.455523
v 51.886372 9.933601 -9.455523
v 45.914005 9.933601 -14.746576
v 54.715759 9.933601 -1.995036
v 38.166866 9.933601 -16.656076
v 22.624397 9.669192 13.774176
v 23.032221 16.133759 14.182027
v 24.388845 9.669192 13.774238
v 23.980995 16.133759 14.182059
v 22.624334 9.669192 15.538624
v 23.032188 16.133759 15.130801
v 24.388784 9.669192 15.538684
v 23.980963 16.133759 15.130836
v 22.624397 14.551218 13.774176
v 24.388845 14.551218 13.774238
v 24.388784 14.551218 15.538684
v 22.624334 14.551218 15.538624
v 22.546520 15.078732 13.696293
v 22.468643 15.606247 13.618408
v 24.544611 15.606247 13.618482
v 24.466728 15.078732 13.696360
v 24.544538 15.606247 15.694449
v 24.466661 15.078732 15.616567
v 22.468571 15.606247 15.694377
v 22.546453 15.078732 15.616501
v 22.664394 15.111114 13.814175
v 22.596081 15.573863 13.745854
v 24.417168 15.573863 13.745917
v 24.348846 15.111114 13.814233
v 24.417103 15.573863 15.567005
v 24.348787 15.111114 15.498684
v 22.596012 15.573863 15.566943
v 22.664333 15.111114 15.498628
v 22.625359 16.133759 13.775135
v 24.387886 16.133759 13.775197
v 24.387825 16.133759 15.537724
v 22.625296 16.133759 15.537663
v 23.199274 16.271570 14.349091
v 23.813931 16.271570 14.349113
v 23.813908 16.271570 14.963770
v 23.199253 16.271570 14.963748
v 23.032221 16.271570 14.182027
v 23.980995 16.271570 14.182059
v 23.980963 16.271570 15.130836
v 23.032188 16.271570 15.130801
v 23.199274 16.498775 14.349091
v 23.813931 16.498775 14.349113
v 23.813908 16.498775 14.963770
v 23.199253 16.498775 14.963748
v 23.123121 16.718336 14.272932
v 23.890089 16.718336 14.272960
v 23.890062 16.718336 15.039927
v 23.123095 16.718336 15.039904
v 23.123121 17.188120 14.272932
v 23.890089 17.188120 14.272960
v 23.890062 17.188120 15.039927
v 23.123095 17.188120 15.039904
v 35.583721 9.321821 20.698423
v 38.122517 9.649153 17.016191
v 38.166088 8.922344 23.722321
v 40.715099 9.308715 20.668571
v 38.139462 17.637800 15.318713
v 38.137283 17.122540 15.170660
v 36.524452 18.961477 16.523928
v 36.182575 18.725071 16.630093
v 38.160114 20.276852 17.710230
v 38.162281 20.316643 18.065392
v 39.775124 18.953173 16.505018
v 40.116997 18.715023 16.607204
v 38.138107 17.987783 14.932521
v 38.139595 18.426985 14.995787
v 39.437302 19.470575 15.936977
v 39.773769 19.303156 16.118824
v 36.523098 19.311459 16.137732
v 36.858280 19.477165 15.951982
v 38.158760 20.626833 17.324038
v 38.155979 20.520758 16.893173
v 38.152325 20.681343 16.194204
v 38.154968 20.782358 16.604507
v 37.176453 19.896563 15.486429
v 36.857269 19.738764 15.663316
v 39.115879 19.891607 15.475145
v 39.436291 19.732174 15.648312
v 38.140003 19.106827 14.767369
v 38.138584 18.688583 14.707119
v 38.134331 10.809366 17.434732
v 38.134544 11.260307 17.273012
v 38.135174 12.613131 16.787851
v 38.135387 13.064072 16.626131
v 38.135807 13.965954 16.302691
v 38.136021 14.416895 16.140972
v 38.136440 15.318776 15.817536
v 38.136654 15.769719 15.655815
v 38.136864 16.220657 15.494098
v 38.137070 16.671598 15.332379
v 40.150242 18.232546 16.818798
v 40.183495 17.750072 17.030396
v 40.216743 17.267595 17.241991
v 40.249992 16.785120 17.453588
v 40.316490 15.820168 17.876778
v 40.349739 15.337691 18.088373
v 40.416237 14.372741 18.511568
v 40.449486 13.890265 18.723162
v 40.549236 12.442839 19.357952
v 40.582485 11.960363 19.569546
v 35.717091 11.972794 19.597851
v 35.750340 12.455098 19.385868
v 35.850082 13.902016 18.749918
v 35.883335 14.384322 18.537935
v 35.949829 15.348933 18.113970
v 35.983078 15.831239 17.901985
v 36.049580 16.795851 17.478020
v 36.082829 17.278156 17.266037
v 36.116077 17.760462 17.054056
v 36.149326 18.242765 16.842073
v 38.165245 13.123590 21.732391
v 38.165035 13.637380 21.470461
v 38.164402 15.178747 20.684675
v 38.164188 15.692535 20.422747
v 38.163769 16.720114 19.898888
v 38.163551 17.233904 19.636961
v 38.163128 18.261480 19.113104
v 38.162918 18.775270 18.851175
v 38.162704 19.289061 18.589247
v 38.162491 19.802853 18.327318
v 38.137505 16.309439 15.566196
v 38.137711 16.737829 15.412563
v 40.050224 18.220732 16.824661
v 40.081806 17.762379 17.025681
v 36.217762 17.772249 17.048155
v 36.249352 18.230440 16.846775
v 38.162060 19.224422 18.506584
v 38.161858 19.712524 18.257757
v 38.137108 15.404413 15.894641
v 38.137310 15.832806 15.741008
v 40.113396 17.255793 17.247873
v 40.144981 16.797438 17.448891
v 36.154587 16.807632 17.472103
v 36.186176 17.265823 17.270720
v 38.162464 18.199982 19.025434
v 38.162266 18.688082 18.776600
v 38.136509 14.046874 16.387310
v 38.136707 14.475270 16.233679
v 40.208157 15.808377 17.882692
v 40.239742 15.350025 18.083710
v 36.059830 15.360703 18.108023
v 36.091412 15.818896 17.906639
v 38.163067 16.663326 19.803698
v 38.162861 17.151426 19.554865
v 38.135902 12.689337 16.879984
v 38.136105 13.117728 16.726349
v 40.302917 14.360965 18.517513
v 40.334499 13.902613 18.718529
v 35.965073 13.913775 18.743946
v 35.996658 14.371966 18.542564
v 38.163666 15.126672 20.581964
v 38.163467 15.614771 20.333136
v 38.135101 10.879283 17.536882
v 38.135303 11.307677 17.383247
v 40.429260 12.431083 19.363939
v 40.460846 11.972731 19.564955
v 35.838722 11.984540 19.591845
v 35.870308 12.442730 19.390459
v 38.164471 13.077798 21.619658
v 38.164268 13.565896 21.370823
v 17.482803 9.321821 -2.568779
v 21.165035 9.649153 -0.029982
v 14.458906 8.922344 0.013591
v 17.512655 9.308715 2.562601
v 22.862514 17.637798 -0.013038
v 23.010567 17.122540 -0.015215
v 21.657301 18.961475 -1.628047
v 21.551136 18.725069 -1.969923
v 20.470997 20.276850 0.007615
v 20.115837 20.316641 0.009782
v 21.676210 18.953173 1.622625
v 21.574024 18.715021 1.964497
v 23.248707 17.987783 -0.014391
v 23.185440 18.426983 -0.012904
v 22.244249 19.470573 1.284801
v 22.062405 19.303156 1.621271
v 22.043495 19.311457 -1.629400
v 22.229244 19.477165 -1.294221
v 20.857191 20.626831 0.006262
v 21.288054 20.520756 0.003481
v 21.987022 20.681341 -0.000173
v 21.576719 20.782356 0.002471
v 22.694798 19.896563 -0.976047
v 22.517912 19.738764 -1.295230
v 22.706083 19.891607 0.963379
v 22.532915 19.732174 1.283791
v 23.413858 19.106827 -0.012495
v 23.474108 18.688581 -0.013913
v 20.746494 10.809366 -0.018168
v 20.908215 11.260307 -0.017955
v 21.393375 12.613131 -0.017324
v 21.555096 13.064072 -0.017111
v 21.878536 13.965954 -0.016692
v 22.040255 14.416895 -0.016479
v 22.363691 15.318776 -0.016060
v 22.525412 15.769717 -0.015847
v 22.687130 16.220657 -0.015637
v 22.848848 16.671598 -0.015428
v 21.362429 18.232544 1.997743
v 21.150833 17.750072 2.030996
v 20.939236 17.267595 2.064245
v 20.727640 16.785118 2.097495
v 20.304449 15.820168 2.163990
v 20.092855 15.337691 2.197239
v 19.669661 14.372740 2.263738
v 19.458065 13.890265 2.296988
v 18.823277 12.442839 2.396736
v 18.611681 11.960363 2.429985
v 18.583378 11.972794 -2.435407
v 18.795361 12.455098 -2.402158
v 19.431311 13.902015 -2.302417
v 19.643293 14.384322 -2.269164
v 20.067259 15.348931 -2.202669
v 20.279242 15.831237 -2.169419
v 20.703207 16.795851 -2.102921
v 20.915190 17.278154 -2.069671
v 21.127171 17.760460 -2.036422
v 21.339153 18.242765 -2.003172
v 16.448837 13.123590 0.012746
v 16.710768 13.637380 0.012536
v 17.496553 15.178745 0.011901
v 17.758482 15.692535 0.011688
v 18.282339 16.720114 0.011269
v 18.544268 17.233902 0.011053
v 19.068123 18.261480 0.010630
v 19.330053 18.775270 0.010417
v 19.591982 19.289059 0.010205
v 19.853909 19.802853 0.009992
v 22.615032 16.309437 -0.014995
v 22.768665 16.737829 -0.014789
v 21.356567 18.220732 1.897727
v 21.155548 17.762379 1.929307
v 21.133072 17.772249 -1.934737
v 21.334454 18.230440 -1.903149
v 19.674643 19.224422 0.009559
v 19.923471 19.712524 0.009360
v 22.286587 15.404413 -0.015390
v 22.440220 15.832806 -0.015191
v 20.933355 17.255793 1.960895
v 20.732338 16.797436 1.992482
v 20.709124 16.807632 -1.997911
v 20.910507 17.265823 -1.966324
v 19.155794 18.199982 0.009964
v 19.404627 18.688080 0.009765
v 21.793917 14.046874 -0.015991
v 21.947548 14.475270 -0.015792
v 20.298534 15.808375 2.055656
v 20.097519 15.350023 2.087244
v 20.073204 15.360703 -2.092670
v 20.274588 15.818894 -2.061086
v 18.377531 16.663326 0.010569
v 18.626362 17.151424 0.010363
v 21.301245 12.689337 -0.016596
v 21.454878 13.117728 -0.016393
v 19.663713 14.360965 2.150418
v 19.462698 13.902613 2.181998
v 19.437283 13.913775 -2.187428
v 19.638664 14.371965 -2.155841
v 17.599262 15.126671 0.011166
v 17.848093 15.614769 0.010967
v 20.644344 10.879283 -0.017399
v 20.797979 11.307677 -0.017196
v 18.817289 12.431082 2.276760
v 18.616272 11.972731 2.308348
v 18.589384 11.984540 -2.313777
v 18.790768 12.442730 -2.282190
v 16.561571 13.077798 0.011973
v 16.810404 13.565895 0.011771
v 40.750004 9.321821 -20.669693
v 38.211208 9.649153 -16.987461
v 38.167637 8.922344 -23.693592
v 35.618629 9.308715 -20.639843
v 38.194263 17.637798 -15.289983
v 38.196442 17.122540 -15.141930
v 39.809273 18.961475 -16.495197
v 40.151150 18.725069 -16.601362
v 38.173611 20.276848 -17.681499
v 38.171444 20.316639 -18.036661
v 36.558601 18.953173 -16.476288
v 36.216728 18.715021 -16.578474
v 38.195618 17.987783 -14.903791
v 38.194130 18.426983 -14.967056
v 36.896423 19.470573 -15.908247
v 36.559956 19.303156 -16.090094
v 39.810627 19.311457 -16.109003
v 39.475445 19.477165 -15.923253
v 38.174965 20.626829 -17.295307
v 38.177746 20.520754 -16.864443
v 38.181400 20.681341 -16.165476
v 38.178757 20.782354 -16.575777
v 39.157272 19.896563 -15.457700
v 39.476456 19.738764 -15.634585
v 37.217846 19.891607 -15.446415
v 36.897434 19.732174 -15.619581
v 38.193722 19.106827 -14.738640
v 38.195141 18.688581 -14.678390
v 38.199394 10.809366 -17.406002
v 38.199181 11.260307 -17.244282
v 38.198551 12.613131 -16.759121
v 38.198338 13.064072 -16.597401
v 38.197918 13.965954 -16.273962
v 38.197704 14.416895 -16.112242
v 38.197285 15.318776 -15.788806
v 38.197071 15.769717 -15.627086
v 38.196865 16.220657 -15.465368
v 38.196655 16.671598 -15.303649
v 36.183483 18.232544 -16.790068
v 36.150230 17.750072 -17.001665
v 36.116985 17.267595 -17.213261
v 36.083736 16.785118 -17.424858
v 36.017235 15.820168 -17.848047
v 35.983986 15.337691 -18.059643
v 35.917488 14.372740 -18.482838
v 35.884239 13.890265 -18.694431
v 35.784489 12.442839 -19.329222
v 35.751240 11.960363 -19.540817
v 40.616634 11.972794 -19.569120
v 40.583385 12.455098 -19.357138
v 40.483643 13.902015 -18.721188
v 40.450390 14.384322 -18.509205
v 40.383896 15.348931 -18.085239
v 40.350647 15.831237 -17.873257
v 40.284145 16.795851 -17.449291
v 40.250896 17.278154 -17.237307
v 40.217648 17.760460 -17.025326
v 40.184399 18.242765 -16.813343
v 38.168480 13.123590 -21.703661
v 38.168690 13.637380 -21.441730
v 38.169323 15.178745 -20.655945
v 38.169537 15.692535 -20.394016
v 38.169956 16.720114 -19.870157
v 38.170174 17.233902 -19.608231
v 38.170597 18.261480 -19.084373
v 38.170807 18.775270 -18.822445
v 38.171021 19.289059 -18.560516
v 38.171234 19.802853 -18.298588
v 38.196220 16.309437 -15.537466
v 38.196014 16.737829 -15.383833
v 36.283501 18.220732 -16.795931
v 36.251919 17.762379 -16.996950
v 40.115963 17.772249 -17.019424
v 40.084373 18.230440 -16.818045
v 38.171665 19.224422 -18.477854
v 38.171867 19.712524 -18.229027
v 38.196617 15.404413 -15.865911
v 38.196415 15.832806 -15.712277
v 36.220329 17.255793 -17.219143
v 36.188744 16.797436 -17.420160
v 40.179138 16.807632 -17.443373
v 40.147549 17.265823 -17.241989
v 38.171261 18.199982 -18.996704
v 38.171459 18.688080 -18.747871
v 38.197216 14.046874 -16.358580
v 38.197018 14.475270 -16.204948
v 36.125568 15.808375 -17.853964
v 36.093983 15.350023 -18.054979
v 40.273895 15.360703 -18.079292
v 40.242313 15.818894 -17.877909
v 38.170658 16.663326 -19.774967
v 38.170864 17.151424 -19.526134
v 38.197823 12.689337 -16.851254
v 38.197620 13.117728 -16.697620
v 36.030807 14.360965 -18.488783
v 35.999226 13.902613 -18.689800
v 40.368652 13.913775 -18.715216
v 40.337067 14.371965 -18.513834
v 38.170059 15.126671 -20.553234
v 38.170258 15.614769 -20.304405
v 38.198624 10.879283 -17.508154
v 38.198421 11.307677 -17.354519
v 35.904465 12.431082 -19.335209
v 35.872879 11.972731 -19.536224
v 40.495003 11.984540 -19.563114
v 40.463417 12.442730 -19.361729
v 38.169254 13.077798 -21.590927
v 38.169456 13.565895 -21.342094
v 58.850914 9.321821 2.597508
v 55.168686 9.649153 0.058710
v 61.874817 8.922344 0.015138
v 58.821068 9.308715 -2.533870
v 53.471207 17.637798 0.041766
v 53.323151 17.122540 0.043943
v 54.676422 18.961475 1.656775
v 54.782589 18.725069 1.998651
v 55.862724 20.276846 0.021113
v 56.217884 20.316637 0.018946
v 54.657509 18.953173 -1.593896
v 54.759697 18.715021 -1.935769
v 53.085014 17.987783 0.043119
v 53.148277 18.426983 0.041632
v 54.089470 19.470573 -1.256073
v 54.271320 19.303156 -1.592543
v 54.290230 19.311457 1.658128
v 54.104477 19.477165 1.322949
v 55.476532 20.626829 0.022466
v 55.045666 20.520752 0.025248
v 54.346699 20.681339 0.028902
v 54.757004 20.782352 0.026257
v 53.638924 19.896563 1.004776
v 53.815807 19.738764 1.323959
v 53.627636 19.891607 -0.934650
v 53.800808 19.732174 -1.255063
v 52.919865 19.106827 0.041223
v 52.859612 18.688581 0.042642
v 55.587227 10.809366 0.046897
v 55.425507 11.260307 0.046684
v 54.940346 12.613131 0.046052
v 54.778625 13.064072 0.045839
v 54.455185 13.965954 0.045420
v 54.293465 14.416895 0.045207
v 53.970028 15.318776 0.044788
v 53.808308 15.769717 0.044575
v 53.646595 16.220657 0.044366
v 53.484875 16.671598 0.044156
v 54.971294 18.232544 -1.969015
v 55.182888 17.750072 -2.002268
v 55.394485 17.267595 -2.035513
v 55.606083 16.785118 -2.068763
v 56.029270 15.820168 -2.135262
v 56.240868 15.337691 -2.168511
v 56.664059 14.372740 -2.235010
v 56.875656 13.890265 -2.268259
v 57.510445 12.442839 -2.368007
v 57.722042 11.960363 -2.401257
v 57.750340 11.972794 2.464136
v 57.538361 12.455098 2.430887
v 56.902409 13.902015 2.331145
v 56.690426 14.384322 2.297892
v 56.266460 15.348931 2.231397
v 56.054478 15.831237 2.198148
v 55.630512 16.795851 2.131649
v 55.418530 17.278154 2.098399
v 55.206551 17.760460 2.065150
v 54.994568 18.242765 2.031901
v 59.884880 13.123590 0.015983
v 59.622952 13.637380 0.016192
v 58.837166 15.178745 0.016827
v 58.575237 15.692535 0.017040
v 58.051380 16.720114 0.017459
v 57.789455 17.233902 0.017676
v 57.265598 18.261480 0.018098
v 57.003670 18.775270 0.018311
v 56.741741 19.289059 0.018524
v 56.479813 19.802853 0.018737
v 53.718689 16.309437 0.043724
v 53.565056 16.737829 0.043517
v 54.977154 18.220732 -1.868999
v 55.178173 17.762379 -1.900579
v 55.200645 17.772249 1.963465
v 54.999268 18.230440 1.931878
v 56.659081 19.224422 0.019169
v 56.410248 19.712524 0.019369
v 54.047134 15.404413 0.044118
v 53.893501 15.832806 0.043919
v 55.400368 17.255793 -1.932166
v 55.601383 16.797436 -1.963754
v 55.624599 16.807632 2.026640
v 55.423214 17.265823 1.995052
v 57.177929 18.199982 0.018764
v 56.929092 18.688080 0.018963
v 54.539803 14.046874 0.044719
v 54.386169 14.475270 0.044520
v 56.035187 15.808375 -2.026928
v 56.236202 15.350023 -2.058515
v 56.260517 15.360703 2.121398
v 56.059135 15.818894 2.089814
v 57.956192 16.663326 0.018160
v 57.707359 17.151424 0.018366
v 55.032478 12.689337 0.045324
v 54.878845 13.117728 0.045121
v 56.670006 14.360965 -2.121690
v 56.871021 13.902613 -2.153270
v 56.896442 13.913775 2.216156
v 56.695057 14.371965 2.184569
v 58.734459 15.126671 0.017562
v 58.485634 15.614769 0.017761
v 55.689377 10.879283 0.046127
v 55.535744 11.307677 0.045925
v 57.516434 12.431082 -2.248032
v 57.717449 11.972731 -2.279619
v 57.744339 11.984540 2.342505
v 57.542953 12.442730 2.310918
v 59.772152 13.077798 0.016755
v 59.523323 13.565895 0.016958
v 24.407053 9.669192 -15.528099
v 23.999201 16.133757 -15.120276
v 24.406992 9.669192 -13.763654
v 23.999170 16.133757 -14.171503
v 22.642605 9.669192 -15.528163
v 23.050426 16.133757 -15.120307
v 22.642544 9.669192 -13.763715
v 23.050392 16.133757 -14.171535
v 24.407053 14.551218 -15.528099
v 24.406992 14.551218 -13.763654
v 22.642544 14.551218 -13.763715
v 22.642605 14.551218 -15.528163
v 24.484936 15.078730 -15.605975
v 24.562820 15.606245 -15.683853
v 24.562748 15.606245 -13.607887
v 24.484867 15.078730 -13.685769
v 22.486778 15.606245 -13.607960
v 22.564661 15.078730 -13.685836
v 22.486851 15.606245 -15.683928
v 22.564726 15.078730 -15.606044
v 24.367052 15.111114 -15.488104
v 24.435375 15.573861 -15.556417
v 24.435310 15.573861 -13.735331
v 24.366995 15.111114 -13.803653
v 22.614223 15.573861 -13.735394
v 22.682543 15.111114 -13.803711
v 22.614285 15.573861 -15.556486
v 22.682600 15.111114 -15.488164
v 24.406092 16.133757 -15.527140
v 24.406031 16.133757 -13.764613
v 22.643503 16.133757 -13.764675
v 22.643564 16.133757 -15.527200
v 23.832136 16.271570 -14.953225
v 23.832115 16.271570 -14.338567
v 23.217457 16.271570 -14.338591
v 23.217480 16.271570 -14.953246
v 23.999201 16.271570 -15.120276
v 23.999170 16.271570 -14.171503
v 23.050392 16.271570 -14.171535
v 23.050426 16.271570 -15.120307
v 23.832136 16.498775 -14.953225
v 23.832115 16.498775 -14.338567
v 23.217457 16.498775 -14.338591
v 23.217480 16.498775 -14.953246
v 23.908297 16.718334 -15.029378
v 23.908268 16.718334 -14.262409
v 23.141300 16.718334 -14.262437
v 23.141325 16.718334 -15.029402
v 23.908297 17.188118 -15.029378
v 23.908268 17.188118 -14.262409
v 23.141300 17.188118 -14.262437
v 23.141325 17.188118 -15.029402
v 53.709320 9.669192 -13.745443
v 53.301498 16.133757 -14.153296
v 51.944878 9.669192 -13.745504
v 52.352730 16.133757 -14.153327
v 53.709389 9.669192 -15.509893
v 53.301533 16.133757 -15.102072
v 51.944942 9.669192 -15.509953
v 52.352764 16.133757 -15.102106
v 53.709320 14.551218 -13.745443
v 51.944878 14.551218 -13.745504
v 51.944942 14.551218 -15.509953
v 53.709389 14.551218 -15.509893
v 53.787201 15.078730 -13.667560
v 53.865078 15.606245 -13.589677
v 51.789112 15.606245 -13.589749
v 51.866997 15.078730 -13.667628
v 51.789181 15.606245 -15.665719
v 51.867062 15.078730 -15.587836
v 53.865150 15.606245 -15.665648
v 53.787270 15.078730 -15.587771
v 53.669327 15.111114 -13.785444
v 53.737640 15.573861 -13.717121
v 51.916557 15.573861 -13.717187
v 51.984879 15.111114 -13.785502
v 51.916622 15.573861 -15.538275
v 51.984940 15.111114 -15.469954
v 53.737709 15.573861 -15.538213
v 53.669388 15.111114 -15.469897
v 53.708363 16.133757 -13.746405
v 51.945839 16.133757 -13.746467
v 51.945904 16.133757 -15.508994
v 53.708424 16.133757 -15.508934
v 53.134449 16.271570 -14.320360
v 52.519794 16.271570 -14.320380
v 52.519817 16.271570 -14.935040
v 53.134472 16.271570 -14.935018
v 53.301498 16.271570 -14.153296
v 52.352730 16.271570 -14.153327
v 52.352764 16.271570 -15.102106
v 53.301533 16.271570 -15.102072
v 53.134449 16.498775 -14.320360
v 52.519794 16.498775 -14.320380
v 52.519817 16.498775 -14.935040
v 53.134472 16.498775 -14.935018
v 53.210602 16.718334 -14.244201
v 52.443638 16.718334 -14.244228
v 52.443665 16.718334 -15.011197
v 53.210625 16.718334 -15.011173
v 53.210602 17.188118 -14.244201
v 52.443638 17.188118 -14.244228
v 52.443665 17.188118 -15.011197
v 53.210625 17.188118 -15.011173
v 51.926666 9.669192 15.556821
v 52.334522 16.133757 15.148999
v 51.926731 9.669192 13.792381
v 52.334553 16.133757 14.200231
v 53.691116 9.669192 15.556887
v 53.283295 16.133757 15.149030
v 53.691177 9.669192 13.792441
v 53.283329 16.133757 14.200265
v 51.926666 14.551218 15.556821
v 51.926731 14.551218 13.792381
v 53.691177 14.551218 13.792441
v 53.691116 14.551218 15.556887
v 51.848785 15.078730 15.634701
v 51.770901 15.606245 15.712577
v 51.770973 15.606245 13.636615
v 51.848854 15.078730 13.714498
v 53.846943 15.606245 13.636683
v 53.769062 15.078730 13.714562
v 53.846874 15.606245 15.712650
v 53.768993 15.078730 15.634768
v 51.966667 15.111114 15.516827
v 51.898346 15.573861 15.585139
v 51.898411 15.573861 13.764059
v 51.966728 15.111114 13.832382
v 53.719501 15.573861 13.764124
v 53.651180 15.111114 13.832441
v 53.719440 15.573861 15.585209
v 53.651119 15.111114 15.516887
v 51.927631 16.133757 15.555862
v 51.927692 16.133757 13.793343
v 53.690216 16.133757 13.793406
v 53.690159 16.133757 15.555923
v 52.501583 16.271570 14.981949
v 52.501606 16.271570 14.367294
v 53.116264 16.271570 14.367317
v 53.116241 16.271570 14.981969
v 52.334522 16.271570 15.148999
v 52.334553 16.271570 14.200231
v 53.283329 16.271570 14.200265
v 53.283295 16.271570 15.149030
v 52.501583 16.498775 14.981949
v 52.501606 16.498775 14.367294
v 53.116264 16.498775 14.367317
v 53.116241 16.498775 14.981969
v 52.425426 16.718334 15.058101
v 52.425453 16.718334 14.291139
v 53.192421 16.718334 14.291167
v 53.192398 16.718334 15.058125
v 52.425426 17.188118 15.058101
v 52.425453 17.188118 14.291139
v 53.192421 17.188118 14.291167
v 53.192398 17.188118 15.058125
vn 0.3574 -0.2335 0.9043
vn 0.0031 -0.9909 0.1344
vn 0.0038 0.9909 0.1345
vn -0.8759 0.4566 0.1563
vn -0.0000 -0.9909 0.1348
vn -0.8742 -0.3495 0.3372
vn -0.7874 0.6085 0.0985
vn 0.0031 -0.9956 0.0934
vn -0.4994 -0.8621 0.0860
vn -0.7808 0.6063 0.1511
vn -0.0000 -0.9963 0.0865
vn -0.0000 0.9932 0.1165
vn 0.5503 -0.7594 0.3471
vn 0.3652 0.9270 0.0850
vn -0.6075 -0.7885 0.0954
vn -0.6807 -0.7199 0.1356
vn -0.8854 0.3624 0.2911
vn -0.4884 0.8724 0.0200
vn 0.5185 0.7909 0.3249
vn 0.5519 0.7579 0.3478
vn -0.7801 -0.6071 0.1511
vn -0.0000 0.9994 0.0350
vn 0.0035 0.9957 0.0931
vn 0.3409 0.2554 -0.9047
vn -0.8472 -0.4848 0.2174
vn 0.5884 -0.7220 0.3639
vn -0.4938 -0.5837 0.6446
vn -0.5081 0.5810 0.6358
vn -0.5925 -0.7877 0.1685
vn -0.5915 0.7885 0.1684
vn -0.2868 -0.9536 0.0914
vn 0.1131 0.9936 -0.0000
vn 0.1147 0.9755 0.1879
vn 0.3811 -0.8811 0.2800
vn 0.3177 -0.9374 0.1428
vn 0.1884 0.9688 0.1612
vn 0.4372 -0.8454 0.3067
vn 0.3568 0.9286 0.1018
vn -0.0000 1.0000 0.0090
vn 0.2175 -0.9699 0.1093
vn -0.3601 0.9270 -0.1052
vn -0.2487 0.9445 0.2145
vn -0.4851 0.8715 0.0717
vn 0.5053 -0.8604 -0.0669
vn 0.1051 0.9599 0.2597
vn 0.0164 -0.9990 0.0405
vn -0.0394 -0.9986 0.0340
vn -0.0000 -0.9998 0.0176
vn 0.3574 -0.2335 -0.9043
vn 0.0031 -0.9909 -0.1344
vn 0.0038 0.9909 -0.1345
vn -0.8759 0.4566 -0.1563
vn -0.0000 -0.9909 -0.1348
vn -0.8742 -0.3495 -0.3372
vn -0.7874 0.6085 -0.0985
vn 0.0031 -0.9956 -0.0934
vn -0.4994 -0.8621 -0.0860
vn -0.7808 0.6063 -0.1511
vn -0.0000 -0.9963 -0.0865
vn -0.0000 0.9932 -0.1165
vn 0.5503 -0.7594 -0.3471
vn 0.3652 0.9270 -0.0850
vn -0.6075 -0.7885 -0.0954
vn -0.6807 -0.7199 -0.1356
vn -0.8854 0.3624 -0.2911
vn -0.4884 0.8724 -0.0200
vn 0.5185 0.7909 -0.3249
vn 0.5519 0.7579 -0.3478
vn -0.7801 -0.6071 -0.1511
vn -0.0000 0.9994 -0.0350
vn 0.0035 0.9957 -0.0931
vn 0.1174 0.9926 0.0300
vn -0.8472 -0.4848 -0.2174
vn 0.5884 -0.7220 -0.3639
vn -0.4938 -0.5837 -0.6446
vn -0.5081 0.5810 -0.6358
vn -0.5925 -0.7877 -0.1685
vn -0.5915 0.7885 -0.1684
vn -0.2868 -0.9536 -0.0914
vn 0.1147 0.9755 -0.1879
vn 0.3811 -0.8811 -0.2800
vn 0.3177 -0.9374 -0.1428
vn 0.1884 0.9688 -0.1612
vn 0.4372 -0.8454 -0.3067
vn 0.3568 0.9286 -0.1018
vn -0.0000 1.0000 -0.0090
vn 0.2175 -0.9699 -0.1093
vn -0.3601 0.9270 0.1052
vn -0.2487 0.9445 -0.2145
vn -0.4851 0.8715 -0.0717
vn 0.5053 -0.8604 0.0669
vn 0.1051 0.9599 -0.2597
vn 0.0164 -0.9990 -0.0405
vn -0.0394 -0.9986 -0.0340
vn -0.0000 -0.9998 -0.0176
vn 0.0779 0.9969 0.0145
vn 0.2725 -0.9523 0.1373
vn 0.4003 0.6380 0.6578
vn 0.4125 -0.6093 0.6772
vn 0.0779 0.9969 -0.0145
vn 0.4003 0.6380 -0.6578
vn 0.2725 -0.9523 -0.1373
vn 0.4125 -0.6093 -0.6772
vn -0.0014 -0.9916 -0.1295
vn 0.0133 -0.6227 0.7823
vn 0.0145 0.5590 -0.8291
vn 0.0133 -0.6227 -0.7823
vn 0.1780 -0.9829 0.0469
vn 0.1780 -0.9829 -0.0469
vn 0.1174 0.9926 -0.0300
vn 0.3409 0.2554 0.9047
vn 0.4991 0.8642 0.0636
vn 0.6078 -0.7937 -0.0257
vn 0.6765 0.5880 0.4435
vn 0.7074 -0.5281 0.4698
vn 0.5021 0.8627 -0.0602
vn 0.6765 0.5880 -0.4435
vn 0.6078 -0.7937 0.0257
vn 0.7074 -0.5281 -0.4698
vn 0.0960 -0.9047 0.4150
vn 0.1110 0.6539 0.7484
vn 0.0960 -0.9047 -0.4150
vn 0.1103 0.7460 -0.6567
vn -0.0014 -0.9916 0.1295
vn 0.0041 0.8937 -0.4486
vn 0.0145 0.5590 0.8291
vn 0.0053 0.8070 0.5906
vn -0.2839 0.5080 -0.8133
vn 0.1452 -0.7520 0.6430
vn 0.1452 -0.7520 -0.6430
vn -0.1832 -0.9829 -0.0168
vn -0.1832 -0.9829 0.0168
vn -0.1293 0.9907 -0.0422
vn -0.2839 0.5080 0.8133
vn -0.1293 0.9907 0.0422
vn -0.1428 0.9856 0.0910
vn -0.5053 0.2041 0.8385
vn -0.1428 0.9856 -0.0910
vn -0.0870 -0.9828 0.1629
vn -0.0870 -0.9828 -0.1629
vn -0.7005 -0.3990 -0.5917
vn -0.7005 -0.3990 0.5917
vn -0.5053 0.2041 -0.8385
vn -0.3095 0.9057 -0.2899
vn -0.6590 0.7425 -0.1197
vn -0.6590 0.7425 0.1197
vn -0.3095 0.9057 0.2899
vn 0.3341 -0.4696 -0.8172
vn 0.3341 -0.4696 0.8172
vn 0.5014 0.5527 0.6657
vn -0.6994 0.6452 0.3076
vn 0.5014 0.5527 -0.6657
vn -0.6994 0.6452 -0.3076
vn 0.1675 0.9778 -0.1257
vn 0.0651 0.8147 -0.5762
vn -0.1330 0.9909 -0.0215
vn -0.1088 0.7909 -0.6022
vn 0.2814 -0.8270 0.4867
vn -0.6947 0.4322 -0.5750
vn 0.1087 0.9717 -0.2096
vn 0.1330 -0.9909 -0.0215
vn 0.6947 -0.4322 -0.5750
vn 0.1087 0.9717 0.2096
vn 0.2814 -0.8270 -0.4867
vn 0.1088 -0.7909 -0.6022
vn -0.0505 0.9976 0.0464
vn 0.1675 0.9778 0.1257
vn 0.0651 0.8147 0.5762
vn 0.0393 -0.9875 -0.1525
vn 0.5140 0.4210 0.7474
vn 0.0393 -0.9875 0.1525
vn 0.5140 0.4210 -0.7474
vn 0.3929 0.8750 0.2829
vn 0.5300 -0.4215 0.7359
vn 0.3929 0.8750 -0.2829
vn 0.5300 -0.4215 -0.7359
vn 0.0021 -0.9961 0.0879
vn -0.0000 0.9996 -0.0277
vn 0.0027 0.9995 0.0303
vn -0.0000 0.9514 -0.3079
vn 0.0030 0.9995 0.0320
vn -0.0000 -0.9785 -0.2061
vn 0.0020 -0.9962 0.0867
vn -0.0000 -0.9785 0.2061
vn 0.0029 0.9993 -0.0381
vn -0.6973 0.6305 0.3408
vn 0.9162 -0.3891 -0.0953
vn -0.6162 -0.7061 0.3489
vn -0.1662 0.9098 -0.3804
vn -0.4461 -0.6872 -0.5734
vn 0.0264 -0.9922 -0.1220
vn -0.4209 0.6748 0.6062
vn 0.0264 -0.9922 0.1220
vn -0.4209 0.6748 -0.6062
vn -0.0884 0.9929 -0.0797
vn -0.4461 -0.6872 0.5734
vn -0.0341 0.9894 -0.1414
vn -0.1530 -0.6856 0.7117
vn -0.3380 0.8029 -0.4910
vn -0.1530 -0.6856 -0.7117
vn -0.0595 -0.9982 0.0001
vn -0.1583 0.6348 0.7563
vn -0.0595 -0.9982 -0.0001
vn -0.1583 0.6348 -0.7563
vn -0.0736 -0.9973 -0.0001
vn -0.2625 0.5547 -0.7895
vn -0.0269 0.9996 -0.0000
vn -0.2547 -0.6072 0.7526
vn -0.2547 -0.6072 -0.7526
vn -0.0736 -0.9973 0.0001
vn -0.2625 0.5547 0.7895
vn -0.6000 -0.8000 -0.0006
vn -0.5997 -0.8003 0.0006
vn -0.8846 -0.4369 0.1633
vn -0.9334 0.3561 0.0432
vn -0.9113 0.4117 0.0009
vn -0.9115 0.4114 -0.0009
vn -0.9346 0.3540 -0.0362
vn -0.8933 -0.4288 -0.1349
vn -0.0618 -0.6592 -0.7494
vn 0.1027 0.5987 -0.7944
vn -0.0618 -0.6592 0.7494
vn 0.1027 0.5987 0.7944
vn -0.0000 0.9724 -0.2331
vn -0.0000 0.9724 0.2331
vn -0.0000 -0.6579 0.7531
vn -0.0000 -0.6579 -0.7531
vn -0.0600 -0.6822 -0.7287
vn -0.2538 0.6866 -0.6813
vn -0.0600 -0.6822 0.7287
vn -0.2538 0.6866 0.6813
vn 0.3080 0.8868 -0.3445
vn 0.2840 -0.9105 0.3006
vn 0.2640 -0.9127 -0.3119
vn 0.3289 0.8845 0.3308
vn -0.1743 0.9392 0.2957
vn -0.1633 0.9370 -0.3087
vn -0.1588 -0.9486 0.2736
vn -0.1482 -0.9470 -0.2849
vn 0.0018 -0.9946 -0.1036
vn 0.0019 -0.9945 -0.1049
vn 0.8658 0.4793 0.1437
vn 0.0027 0.9993 -0.0361
vn -0.5595 -0.7343 -0.3844
vn 0.9079 -0.4039 0.1121
vn -0.6506 0.6585 -0.3782
vn 0.8814 0.4565 -0.1210
vn 0.0312 0.9462 0.3221
vn -0.0000 0.9514 0.3079
vn -0.0000 0.9996 0.0277
vn -0.3380 0.8029 0.4910
vn -0.1662 0.9098 0.3804
vn -0.0884 0.9929 0.0797
vn -0.0341 0.9894 0.1414
vn -0.0421 0.9500 0.3094
vn 0.0540 0.8568 0.5128
vn -0.0125 0.9003 0.4350
vn 0.0816 0.6301 0.7722
vn -0.1285 0.0499 0.9905
vn 0.0762 0.7439 0.6639
vn -0.0193 0.3814 0.9242
vn -0.0201 0.9657 -0.2588
vn 0.0525 0.9393 -0.3392
vn -0.0248 0.9577 -0.2867
vn 0.0201 0.9039 -0.4273
vn 0.0046 -0.9980 0.0625
vn -0.0139 -0.9960 0.0884
vn 0.0058 -0.9975 0.0704
vn -0.0059 -0.9926 0.1214
vn -0.0643 -0.4189 -0.9057
vn 0.0982 -0.7947 -0.5990
vn -0.0780 -0.2074 -0.9752
vn 0.0384 -0.7194 -0.6936
vn -0.0664 0.3389 -0.9385
vn 0.1064 0.7557 -0.6462
vn -0.0788 0.1403 -0.9870
vn 0.0417 0.6655 -0.7453
vn 0.0765 -0.6817 0.7276
vn -0.1278 -0.1193 0.9846
vn 0.0699 -0.7868 0.6132
vn -0.0189 -0.4520 0.8918
vn -0.0066 -0.9978 -0.0659
vn 0.0083 -0.9980 -0.0629
vn -0.0118 -0.9938 -0.1105
vn 0.0023 -0.9959 -0.0901
vn 0.1128 0.9936 -0.0001
vn 0.1128 0.9936 0.0001
vn 0.1134 0.9932 0.0277
vn 0.1134 0.9932 -0.0277
vn -0.0213 0.9960 0.0865
vn -0.0591 0.9960 0.0667
vn -0.0833 0.9960 0.0316
vn -0.0885 0.9960 -0.0107
vn -0.0733 0.9960 -0.0506
vn -0.0414 0.9960 -0.0789
vn -0.0000 0.9960 -0.0891
vn 0.0414 0.9960 -0.0789
vn 0.0733 0.9960 -0.0506
vn 0.0885 0.9960 -0.0107
vn 0.0833 0.9960 0.0316
vn 0.0591 0.9960 0.0667
vn 0.0213 0.9960 0.0865
vn -0.0000 1.0000 -0.0000
vn -0.0000 -0.0000 -1.0000
vn 1.0000 -0.0000 -0.0000
vn -0.0000 -0.0000 1.0000
vn -1.0000 -0.0000 -0.0000
vn -0.0000 -1.0000 -0.0000
vn -0.0000 -0.1461 -0.9893
vn 0.9893 -0.1461 -0.0000
vn -0.0000 -0.1461 0.9893
vn -0.9893 -0.1461 -0.0000
vn -0.9586 0.2848 -0.0000
vn -0.2463 -0.9692 -0.0000
vn -0.0000 0.2848 0.9586
vn -0.0000 -0.9692 0.2463
vn 0.9586 0.2848 -0.0000
vn 0.2463 -0.9692 -0.0000
vn -0.0000 0.2848 -0.9586
vn -0.0000 -0.9692 -0.2463
vn -0.0000 0.9643 -0.2649
vn 0.2649 0.9643 -0.0000
vn -0.0000 0.9643 0.2649
vn -0.2649 0.9643 -0.0000
vn -0.0000 -0.3277 0.9448
vn -0.0000 -0.3277 -0.9448
vn -0.9448 -0.3277 -0.0000
vn 0.9448 -0.3277 -0.0000
vn -0.7110 0.3212 0.6255
vn -0.0032 -0.9942 -0.1077
vn -0.7009 -0.2434 -0.6705
vn 0.7425 0.4977 0.4484
vn 0.7199 0.3175 0.6172
vn 0.4309 0.2471 -0.8679
vn -0.4397 0.2493 -0.8628
vn -0.5851 0.8063 -0.0872
vn 0.5881 0.8033 -0.0940
vn 0.6918 -0.2469 -0.6786
vn -0.7425 -0.4977 -0.4484
vn -0.7347 0.5014 0.4570
vn 0.7425 0.4976 0.4484
vn 0.7347 -0.5014 -0.4570
vn 0.5177 0.1203 -0.8471
vn -0.5269 0.1229 -0.8410
vn -0.5213 0.8294 -0.2008
vn 0.5232 0.8267 -0.2069
vn -0.0026 0.6715 -0.7410
vn 0.1078 0.9208 -0.3748
vn -0.7048 0.3237 0.6312
vn 0.1133 0.8858 -0.4500
vn 0.1203 -0.8405 0.5283
vn -0.1233 0.8129 -0.5692
vn 0.6932 -0.2464 -0.6773
vn 0.1177 -0.6064 0.7864
vn -0.1055 -0.8076 0.5802
vn 0.7138 0.3201 0.6230
vn -0.1084 -0.7504 0.6521
vn -0.1140 0.7185 -0.6861
vn -0.7040 -0.2421 -0.6677
vn -0.7082 0.3223 0.6281
vn 0.1110 0.6645 -0.7390
vn 0.7186 0.3181 0.6184
vn -0.1261 0.7819 -0.6105
vn 0.1091 -0.9136 0.3918
vn 0.6987 -0.2442 -0.6725
vn 0.1156 -0.8760 0.4682
vn 0.1147 -0.7013 0.7036
vn -0.1219 -0.7972 0.5913
vn -0.7023 -0.2428 -0.6692
vn 0.1116 0.6260 -0.7718
vn -0.1070 0.8209 -0.5610
vn -0.7077 -0.2406 -0.6643
vn -0.1112 0.7662 -0.6329
vn -0.1188 0.8531 -0.5081
vn 0.6949 -0.2457 -0.6758
vn 0.7171 0.3187 0.6198
vn 0.1208 0.8122 -0.5707
vn -0.7097 0.3217 0.6267
vn -0.1239 -0.7646 0.6325
vn 0.6925 -0.2466 -0.6779
vn 0.7193 0.3178 0.6178
vn -0.7016 -0.2431 -0.6698
vn -0.7104 0.3215 0.6261
vn -0.1174 0.6266 -0.7705
vn 0.1274 -0.7652 0.6310
vn -0.1117 -0.6058 0.7877
vn 0.1230 0.7813 -0.6119
vn 0.6939 -0.2461 -0.6767
vn 0.7180 0.3183 0.6190
vn -0.7030 -0.2425 -0.6686
vn -0.7091 0.3220 0.6273
vn 0.1167 -0.6461 0.7543
vn -0.1162 0.6651 -0.7377
vn 0.1247 -0.7978 0.5899
vn -0.1113 -0.6455 0.7556
vn 0.6958 -0.2453 -0.6750
vn 0.7163 0.3190 0.6206
vn -0.7049 -0.2418 -0.6668
vn -0.7074 0.3227 0.6289
vn -0.1101 -0.7007 0.7049
vn 0.1172 0.8525 -0.5094
vn -0.1184 -0.8399 0.5297
vn 0.1097 0.7179 -0.6874
vn 0.6976 -0.2446 -0.6734
vn 0.7147 0.3197 0.6221
vn -0.7066 -0.2411 -0.6653
vn -0.7058 0.3233 0.6303
vn -0.1146 -0.8754 0.4695
vn 0.1078 0.7657 -0.6342
vn -0.1140 0.8864 -0.4486
vn 0.1122 -0.7509 0.6508
vn 0.6997 -0.2438 -0.6715
vn 0.7128 0.3204 0.6238
vn -0.7087 -0.2402 -0.6633
vn -0.7039 0.3241 0.6321
vn -0.1092 -0.9130 0.3931
vn 0.1046 0.8203 -0.5623
vn -0.1074 0.9214 -0.3735
vn 0.1081 -0.8082 0.5790
vn -0.7659 -0.0849 -0.6373
vn 0.7572 -0.0915 -0.6467
vn 0.7129 0.2997 0.6340
vn -0.7039 0.3033 0.6423
vn -0.7058 -0.2414 -0.6660
vn 0.7155 0.3194 0.6213
vn 0.6967 -0.2450 -0.6742
vn -0.7066 0.3230 0.6296
vn -0.6255 0.3212 -0.7110
vn 0.1077 -0.9942 -0.0032
vn 0.6705 -0.2434 -0.7009
vn -0.4484 0.4977 0.7425
vn -0.6172 0.3175 0.7199
vn 0.8679 0.2471 0.4309
vn 0.8628 0.2493 -0.4397
vn 0.0872 0.8063 -0.5851
vn 0.0940 0.8033 0.5881
vn 0.6786 -0.2469 0.6918
vn 0.4484 -0.4976 -0.7425
vn -0.4570 0.5014 -0.7347
vn -0.4484 0.4976 0.7425
vn 0.4570 -0.5014 0.7347
vn 0.8471 0.1203 0.5177
vn 0.8410 0.1229 -0.5269
vn 0.2008 0.8294 -0.5213
vn 0.2069 0.8267 0.5232
vn 0.7410 0.6715 -0.0026
vn 0.3748 0.9208 0.1078
vn -0.6312 0.3237 -0.7048
vn 0.4499 0.8858 0.1133
vn -0.5283 -0.8405 0.1203
vn 0.5693 0.8129 -0.1233
vn 0.6773 -0.2464 0.6932
vn -0.7864 -0.6064 0.1177
vn -0.5802 -0.8076 -0.1055
vn -0.6230 0.3201 0.7138
vn -0.6521 -0.7504 -0.1085
vn 0.6861 0.7185 -0.1140
vn 0.6677 -0.2421 -0.7040
vn -0.6281 0.3223 -0.7082
vn 0.7390 0.6645 0.1110
vn -0.6184 0.3181 0.7186
vn 0.6105 0.7819 -0.1261
vn -0.3918 -0.9136 0.1091
vn 0.6725 -0.2442 0.6987
vn -0.4682 -0.8760 0.1156
vn -0.7036 -0.7013 0.1147
vn -0.5913 -0.7972 -0.1219
vn 0.6692 -0.2428 -0.7023
vn 0.7718 0.6260 0.1116
vn 0.5610 0.8208 -0.1070
vn 0.6643 -0.2406 -0.7077
vn 0.6329 0.7662 -0.1112
vn 0.5081 0.8531 -0.1188
vn 0.6758 -0.2457 0.6949
vn -0.6198 0.3187 0.7171
vn 0.5707 0.8122 0.1208
vn -0.6267 0.3217 -0.7097
vn -0.6325 -0.7646 -0.1239
vn 0.6779 -0.2466 0.6925
vn -0.6178 0.3178 0.7192
vn 0.6698 -0.2431 -0.7016
vn -0.6261 0.3214 -0.7104
vn 0.7705 0.6266 -0.1174
vn -0.6310 -0.7652 0.1274
vn -0.7877 -0.6058 -0.1117
vn 0.6119 0.7813 0.1230
vn 0.6767 -0.2461 0.6939
vn -0.6190 0.3183 0.7180
vn 0.6686 -0.2425 -0.7030
vn -0.6273 0.3220 -0.7091
vn -0.7543 -0.6461 0.1167
vn 0.7377 0.6651 -0.1162
vn -0.5899 -0.7978 0.1247
vn -0.7556 -0.6455 -0.1113
vn 0.6750 -0.2453 0.6958
vn -0.6206 0.3190 0.7163
vn 0.6668 -0.2418 -0.7049
vn -0.6289 0.3227 -0.7074
vn -0.7049 -0.7007 -0.1101
vn 0.5094 0.8525 0.1172
vn -0.5297 -0.8399 -0.1184
vn 0.6874 0.7179 0.1096
vn 0.6734 -0.2446 0.6976
vn -0.6221 0.3197 0.7147
vn 0.6653 -0.2411 -0.7066
vn -0.6303 0.3233 -0.7058
vn -0.4695 -0.8754 -0.1146
vn 0.6342 0.7657 0.1078
vn 0.4486 0.8864 -0.1140
vn -0.6508 -0.7509 0.1122
vn 0.6715 -0.2438 0.6997
vn -0.6238 0.3205 0.7128
vn 0.6633 -0.2402 -0.7087
vn -0.6321 0.3241 -0.7039
vn -0.3931 -0.9130 -0.1092
vn 0.5623 0.8203 0.1046
vn 0.3735 0.9214 -0.1074
vn -0.5790 -0.8081 0.1081
vn 0.6373 -0.0849 -0.7659
vn 0.6467 -0.0915 0.7572
vn -0.6340 0.2997 0.7129
vn -0.6423 0.3033 -0.7039
vn 0.6660 -0.2414 -0.7058
vn -0.6213 0.3194 0.7155
vn 0.6742 -0.2450 0.6967
vn -0.6296 0.3230 -0.7066
vn 0.7110 0.3212 -0.6255
vn 0.0032 -0.9942 0.1077
vn 0.7009 -0.2434 0.6705
vn -0.7425 0.4977 -0.4484
vn -0.7199 0.3175 -0.6172
vn -0.4309 0.2471 0.8679
vn 0.4397 0.2493 0.8629
vn 0.5851 0.8063 0.0872
vn -0.5881 0.8033 0.0940
vn -0.6918 -0.2469 0.6786
vn 0.7425 -0.4976 0.4484
vn 0.7347 0.5014 -0.4570
vn -0.7425 0.4976 -0.4484
vn -0.7347 -0.5014 0.4570
vn -0.5177 0.1203 0.8471
vn 0.5269 0.1229 0.8410
vn 0.5213 0.8294 0.2008
vn -0.5232 0.8267 0.2069
vn 0.0026 0.6715 0.7410
vn -0.1078 0.9208 0.3748
vn 0.7048 0.3237 -0.6312
vn -0.1132 0.8858 0.4499
vn -0.1203 -0.8405 -0.5283
vn 0.1233 0.8129 0.5692
vn -0.6932 -0.2464 0.6773
vn -0.1177 -0.6064 -0.7864
vn 0.1055 -0.8076 -0.5802
vn -0.7138 0.3201 -0.6230
vn 0.1085 -0.7504 -0.6521
vn 0.1140 0.7185 0.6861
vn 0.7040 -0.2421 0.6677
vn 0.7082 0.3223 -0.6281
vn -0.1110 0.6645 0.7390
vn -0.7186 0.3181 -0.6184
vn 0.1261 0.7819 0.6105
vn -0.1091 -0.9136 -0.3918
vn -0.6987 -0.2442 0.6725
vn -0.1156 -0.8760 -0.4682
vn -0.1147 -0.7013 -0.7036
vn 0.1219 -0.7972 -0.5913
vn 0.7023 -0.2428 0.6692
vn -0.1116 0.6260 0.7718
vn 0.1070 0.8209 0.5610
vn 0.7077 -0.2406 0.6643
vn 0.1112 0.7662 0.6329
vn 0.1188 0.8531 0.5081
vn -0.6949 -0.2457 0.6758
vn -0.7171 0.3187 -0.6198
vn -0.1208 0.8122 0.5707
vn 0.7097 0.3217 -0.6267
vn 0.1239 -0.7646 -0.6325
vn -0.6925 -0.2466 0.6779
vn -0.7193 0.3178 -0.6178
vn 0.7016 -0.2431 0.6698
vn 0.7104 0.3214 -0.6261
vn 0.1174 0.6266 0.7705
vn -0.1274 -0.7652 -0.6310
vn 0.1117 -0.6058 -0.7877
vn -0.1230 0.7813 0.6119
vn -0.6939 -0.2461 0.6767
vn -0.7180 0.3183 -0.6190
vn 0.7030 -0.2425 0.6686
vn 0.7091 0.3220 -0.6273
vn -0.1168 -0.6461 -0.7543
vn 0.1162 0.6651 0.7377
vn -0.1247 -0.7978 -0.5899
vn 0.1113 -0.6455 -0.7556
vn -0.6958 -0.2453 0.6750
vn -0.7163 0.3190 -0.6206
vn 0.7049 -0.2418 0.6668
vn 0.7074 0.3227 -0.6289
vn 0.1101 -0.7007 -0.7049
vn -0.1172 0.8525 0.5094
vn 0.1184 -0.8399 -0.5297
vn -0.1096 0.7179 0.6874
vn -0.6976 -0.2446 0.6734
vn -0.7147 0.3197 -0.6221
vn 0.7066 -0.2411 0.6653
vn 0.7058 0.3233 -0.6303
vn 0.1146 -0.8754 -0.4695
vn -0.1078 0.7657 0.6341
vn 0.1140 0.8864 0.4486
vn -0.1122 -0.7509 -0.6508
vn -0.6997 -0.2438 0.6715
vn -0.7128 0.3205 -0.6238
vn 0.7087 -0.2402 0.6633
vn 0.7039 0.3241 -0.6321
vn 0.1092 -0.9130 -0.3931
vn -0.1046 0.8203 0.5623
vn 0.1074 0.9214 0.3735
vn -0.1081 -0.8081 -0.5790
vn 0.7659 -0.0849 0.6373
vn -0.7572 -0.0915 0.6467
vn -0.7129 0.2997 -0.6340
vn 0.7039 0.3033 -0.6423
vn 0.7058 -0.2414 0.6660
vn -0.7155 0.3194 -0.6213
vn -0.6967 -0.2450 0.6742
vn 0.7066 0.3230 -0.6296
vn 0.6255 0.3212 0.7110
vn -0.1077 -0.9942 0.0032
vn -0.6705 -0.2434 0.7009
vn 0.4484 0.4976 -0.7425
vn 0.6172 0.3175 -0.7199
vn -0.8679 0.2471 -0.4309
vn -0.8628 0.2493 0.4397
vn -0.0872 0.8063 0.5851
vn -0.0940 0.8033 -0.5881
vn -0.6786 -0.2469 -0.6918
vn -0.4484 -0.4976 0.7425
vn 0.4570 0.5014 0.7347
vn -0.4570 -0.5014 -0.7347
vn -0.8471 0.1203 -0.5177
vn -0.8410 0.1229 0.5269
vn -0.2008 0.8294 0.5213
vn -0.2069 0.8267 -0.5232
vn -0.7410 0.6715 0.0026
vn -0.8410 0.1229 0.5268
vn -0.3748 0.9208 -0.1078
vn 0.6312 0.3237 0.7048
vn -0.4500 0.8858 -0.1132
vn 0.5283 -0.8405 -0.1203
vn -0.5693 0.8129 0.1233
vn -0.6773 -0.2464 -0.6932
vn 0.7864 -0.6064 -0.1177
vn 0.5802 -0.8076 0.1055
vn 0.6230 0.3201 -0.7138
vn 0.6521 -0.7503 0.1085
vn -0.6861 0.7185 0.1140
vn -0.6677 -0.2421 0.7040
vn 0.6281 0.3223 0.7082
vn -0.7390 0.6645 -0.1110
vn 0.6184 0.3181 -0.7186
vn -0.6105 0.7819 0.1261
vn 0.3918 -0.9136 -0.1091
vn -0.6725 -0.2442 -0.6987
vn 0.4682 -0.8760 -0.1156
vn 0.7036 -0.7013 -0.1147
vn 0.5913 -0.7972 0.1219
vn -0.6692 -0.2428 0.7023
vn -0.7718 0.6260 -0.1116
vn -0.5610 0.8209 0.1070
vn -0.6643 -0.2406 0.7077
vn -0.6329 0.7662 0.1112
vn -0.5081 0.8531 0.1187
vn -0.6758 -0.2457 -0.6949
vn 0.6198 0.3187 -0.7171
vn -0.5707 0.8122 -0.1208
vn 0.6267 0.3217 0.7097
vn 0.6325 -0.7646 0.1239
vn -0.6779 -0.2466 -0.6925
vn 0.6178 0.3178 -0.7193
vn -0.6698 -0.2431 0.7016
vn 0.6261 0.3214 0.7104
vn -0.7705 0.6265 0.1174
vn 0.6311 -0.7652 -0.1273
vn 0.7877 -0.6059 0.1116
vn -0.6119 0.7813 -0.1230
vn -0.6767 -0.2461 -0.6939
vn 0.6190 0.3183 -0.7180
vn -0.6686 -0.2425 0.7030
vn 0.6273 0.3220 0.7091
vn 0.7543 -0.6461 -0.1167
vn -0.7376 0.6651 0.1162
vn 0.5899 -0.7978 -0.1247
vn 0.7556 -0.6455 0.1113
vn -0.6750 -0.2453 -0.6958
vn 0.6206 0.3190 -0.7163
vn -0.6668 -0.2418 0.7049
vn 0.6289 0.3227 0.7074
vn 0.7049 -0.7007 0.1101
vn -0.5094 0.8525 -0.1171
vn 0.5297 -0.8399 0.1184
vn -0.6874 0.7179 -0.1096
vn -0.6734 -0.2446 -0.6976
vn 0.6221 0.3197 -0.7147
vn -0.6653 -0.2411 0.7066
vn 0.6303 0.3233 0.7058
vn 0.4695 -0.8754 0.1146
vn -0.6342 0.7657 -0.1078
vn -0.4486 0.8864 0.1139
vn 0.6508 -0.7509 -0.1122
vn -0.6715 -0.2438 -0.6997
vn 0.6238 0.3205 -0.7128
vn -0.6633 -0.2402 0.7087
vn 0.6321 0.3241 0.7039
vn 0.3931 -0.9130 0.1092
vn -0.5623 0.8203 -0.1046
vn -0.3735 0.9214 0.1074
vn 0.5790 -0.8081 -0.1081
vn -0.6373 -0.0849 0.7659
vn -0.6467 -0.0915 -0.7572
vn 0.6340 0.2997 -0.7129
vn 0.6423 0.3033 0.7039
vn -0.6660 -0.2414 0.7058
vn 0.6213 0.3194 -0.7155
vn -0.6742 -0.2450 -0.6967
vn 0.6296 0.3230 0.7066
vt 0.498062 0.742055
vt 0.405802 0.742568
vt 0.410777 0.983038
vt 0.408564 0.988688
vt 0.375000 1.000000
vt 0.375000 0.755993
vt 0.410777 0.768268
vt 0.589223 0.983038
vt 0.589223 0.768268
vt 0.625000 0.755994
vt 0.625000 1.000000
vt 0.591436 0.988688
vt 0.500000 0.989169
vt 0.567482 0.989169
vt 0.599880 1.000089
vt 0.500000 1.000088
vt 0.125000 0.625000
vt 0.369018 0.625000
vt 0.369007 0.750000
vt 0.125000 0.750000
vt 0.500000 0.987942
vt 0.432518 0.989169
vt 0.415071 0.988184
vt 0.428182 0.987942
vt 0.585139 0.988173
vt 0.463360 0.791086
vt 0.463360 0.960666
vt 0.520931 0.957965
vt 0.500000 0.968420
vt 0.480458 0.968420
vt 0.519637 0.968420
vt 0.571898 0.987942
vt 0.477708 0.805415
vt 0.477708 0.947044
vt 0.522292 0.805416
vt 0.522292 0.947044
vt 0.000000 0.000000
vt 0.500000 0.781580
vt 0.483676 0.781580
vt 0.431227 0.762058
vt 0.500000 0.762058
vt 0.479069 0.792035
vt 0.516400 0.781580
vt 0.400120 0.000866
vt 0.400120 0.112861
vt 0.375000 0.125000
vt 0.375000 0.000000
vt 0.400120 1.000088
vt 0.599880 0.112861
vt 0.599880 0.056864
vt 0.625000 0.062500
vt 0.625000 0.125000
vt 0.568824 0.762058
vt 0.500000 0.750000
vt 0.604570 0.750000
vt 0.536640 0.791086
vt 0.536640 0.960666
vt 0.594859 0.742579
vt 0.395474 0.750000
vt 0.410715 0.989055
vt 0.593029 0.987884
vt 0.477708 0.957965
vt 0.463573 0.968265
vt 0.630982 0.625000
vt 0.630993 0.750000
vt 0.604569 0.625000
vt 0.395473 0.625000
vt 0.536015 0.781696
vt 0.480430 0.792035
vt 0.802384 0.625000
vt 0.875000 0.625000
vt 0.875000 0.687500
vt 0.875000 0.750000
vt 0.732845 0.625000
vt 0.734375 0.643595
vt 0.744041 0.664251
vt 0.759107 0.675915
vt 0.776121 0.675915
vt 0.791188 0.664251
vt 0.800853 0.643595
vt 0.405802 0.742568
vt 0.596376 0.625028
vt 0.594859 0.742579
vt 0.802904 0.631321
vt 0.796871 0.654789
vt 0.784135 0.671433
vt 0.767614 0.677439
vt 0.751094 0.671433
vt 0.738358 0.654789
vt 0.732325 0.631321
vt 0.404146 0.625033
vt 0.470303 0.689425
vt 0.463086 0.625295
vt 0.485921 0.688491
vt 0.485921 0.688491
vt 0.532537 0.689720
vt 0.470303 0.689425
vt 0.470303 0.689425
vt 0.540700 0.625250
vt 0.500000 0.625000
vt 0.500000 1.000088
vt 0.599880 0.000866
vt 0.599880 0.000866
vt 0.625000 0.000000
vt 0.400120 0.056864
vt 0.580133 1.000089
vt 0.580133 1.000089
vt 0.418330 1.000088
vt 0.418330 1.000088
vt 0.502096 1.000088
vt 0.497904 1.000088
vt 0.400120 0.056864
vt 0.400120 0.056864
vt 0.400120 0.056864
vt 0.497904 1.000088
vt 0.540700 0.625250
vt 0.463086 0.625295
vt 0.463086 0.625295
vt 0.470303 0.689425
vt 1.000000 0.588506
vt 1.000000 0.500000
vt 0.923077 0.500000
vt 0.923077 0.588506
vt 0.846154 0.500000
vt 0.846154 0.588506
vt 0.769231 0.500000
vt 0.769231 0.588506
vt 0.692308 0.500000
vt 0.692308 0.588506
vt 0.749717 0.588506
vt 0.615385 0.500000
vt 0.615385 0.588506
vt 0.538462 0.500000
vt 0.538462 0.588506
vt 0.461538 0.500000
vt 0.461538 0.588506
vt 0.384615 0.500000
vt 0.384615 0.588506
vt 0.307692 0.500000
vt 0.307692 0.588506
vt 0.230769 0.500000
vt 0.230769 0.588506
vt 0.250284 0.588506
vt 0.153846 0.500000
vt 0.153846 0.588506
vt 0.076923 0.500000
vt 0.076923 0.588506
vt 0.000000 0.500000
vt 0.000000 0.588506
vt 0.909149 0.070357
vt 0.974404 0.164895
vt 0.988250 0.278929
vt 0.947516 0.386336
vt 0.861534 0.462509
vt 0.750000 0.490000
vt 0.638466 0.462509
vt 0.552484 0.386336
vt 0.511750 0.278929
vt 0.525596 0.164895
vt 0.590851 0.070357
vt 0.692564 0.016974
vt 0.807436 0.016974
vt 0.625000 0.250000
vt 0.375000 0.250000
vt 0.625000 0.500000
vt 0.375000 0.500000
vt 0.625000 0.750000
vt 0.375000 0.750000
vt 0.125000 0.500000
vt 0.804525 0.679524
vt 0.695476 0.679524
vt 0.867097 0.742097
vt 0.867096 0.507903
vt 0.875000 0.500000
vt 0.632903 0.507903
vt 0.632903 0.742096
vt 0.648710 0.726290
vt 0.851290 0.726289
vt 0.859193 0.734193
vt 0.640807 0.734193
vt 0.648710 0.523710
vt 0.640807 0.515807
vt 0.851290 0.523711
vt 0.859193 0.515807
vt 0.804525 0.570476
vt 0.695476 0.570476
vt 0.714677 0.660323
vt 0.714677 0.589677
vt 0.785323 0.660323
vt 0.785323 0.589677
vt 0.605417 0.250000
vt 0.618971 0.250000
vt 0.618350 0.500000
vt 0.604831 0.500000
vt 0.617597 0.750000
vt 0.604119 0.750000
vt 0.625000 0.327636
vt 0.625000 0.924438
vt 0.604831 0.000000
vt 0.618350 0.000000
vt 0.625000 0.742281
vt 0.618350 1.000000
vt 0.625000 0.509793
vt 0.625000 0.268786
vt 0.604831 1.000000
vt 0.625000 0.509793
vt 0.625000 0.401023
vt 0.625000 0.852912
vt 0.625000 0.729995
vt 0.625000 0.523940
vt 0.625000 0.852912
vt 0.625000 0.729995
vt 0.625000 0.789187
vt 0.625000 0.713672
vt 0.625000 0.541800
vt 0.625000 0.466285
vt 0.429216 0.250000
vt 0.429078 0.000000
vt 0.483156 0.500000
vt 0.442597 0.500000
vt 0.442770 0.250000
vt 0.483432 0.250000
vt 0.483155 0.000000
vt 0.536731 0.750000
vt 0.537233 1.000000
vt 0.564272 0.500000
vt 0.564755 0.250000
vt 0.577164 0.750000
vt 0.590642 0.750000
vt 0.591311 1.000000
vt 0.577792 1.000000
vt 0.442597 1.000000
vt 0.496985 0.250000
vt 0.496675 0.500000
vt 0.523254 0.750000
vt 0.523714 0.500000
vt 0.563686 0.750000
vt 0.537233 0.500000
vt 0.537647 0.250000
vt 0.564272 1.000000
vt 0.577792 0.000000
vt 0.591311 0.000000
vt 0.591863 0.250000
vt 0.578309 0.250000
vt 0.591311 0.500000
vt 0.442388 0.750000
vt 0.482821 0.750000
vt 0.483155 1.000000
vt 0.496298 0.750000
vt 0.496675 1.000000
vt 0.537233 0.000000
vt 0.577792 0.500000
vt 0.428910 0.750000
vt 0.429078 0.500000
vt 0.524093 0.250000
vt 0.564272 0.000000
vt 0.523714 1.000000
vt 0.523714 0.000000
vt 0.496675 0.000000
vt 0.429078 1.000000
vt 0.442597 0.000000
s 0
f 1/1/1 50/2/1 129/2/1 118/1/1
f 36/3/2 40/4/2 12/5/2 49/6/2 58/7/2
f 42/8/3 55/9/3 47/10/3 5/11/3 43/12/3
f 25/13/4 11/14/4 15/15/4 3/16/4
f 6/17/5 52/18/5 49/19/5 12/20/5
f 19/21/6 25/13/6 9/22/6 39/23/6 37/24/6
f 11/14/7 44/25/7 43/12/7 5/11/7 15/15/7
f 62/26/8 30/27/8 36/3/8 58/7/8
f 27/28/9 23/29/9 32/30/9
f 23/29/10 33/31/10 41/32/10 19/21/10
f 64/33/11 45/34/11 30/27/11 62/26/11
f 63/35/12 46/36/12 65/37/12
f 24/38/13 61/39/13 57/40/13 21/41/13
f 29/42/14 24/38/14 60/43/14
f 14/44/15 18/45/15 6/46/15 12/47/15
f 39/23/16 9/22/16 14/48/16 12/5/16 40/4/16
f 44/25/17 11/14/17 25/13/17 19/21/17 41/32/17
f 17/49/18 159/50/18 160/51/18 8/52/18
f 60/43/19 24/38/19 21/41/19 56/53/19
f 56/53/20 21/41/20 114/54/20 110/55/20
f 32/30/21 23/29/21 19/21/21 37/24/21
f 46/36/22 63/35/22 59/56/22 34/57/22
f 34/57/23 59/56/23 55/9/23 42/8/23
f 66/1/24 96/58/24 131/58/24 132/1/24
f 9/22/25 25/13/25 3/16/25 14/48/25
f 21/41/26 57/40/26 113/59/26 114/54/26
f 36/3/27 37/60/27 39/23/27 40/4/27
f 41/32/28 42/61/28 43/12/28 44/25/28
f 36/3/29 30/27/29 32/30/29 37/24/29
f 34/57/30 42/8/30 41/32/30 33/31/30
f 27/62/31 32/63/31 30/27/31 45/34/31
f 53/64/32 47/65/32 110/55/32 111/66/32
f 47/10/33 55/9/33 56/53/33 110/55/33
f 58/7/34 49/6/34 113/59/34 57/40/34
f 49/19/35 52/18/35 112/67/35 113/59/35
f 55/9/36 59/56/36 60/43/36 56/53/36
f 62/26/37 58/7/37 57/40/37 61/39/37
f 29/42/38 60/43/38 59/68/38 63/69/38
f 299/70/39 8/71/39 160/72/39 5/73/39 47/65/39 53/64/39 303/74/39 302/75/39 304/76/39 301/77/39 305/78/39 300/79/39 298/80/39
f 62/26/40 61/39/40 29/42/40 64/33/40
f 24/38/41 61/39/41 29/42/41
f 27/37/42 65/37/42 46/36/42
f 33/31/43 27/37/43 46/36/43 34/57/43
f 23/29/44 33/31/44 27/28/44
f 29/42/45 63/69/45 65/37/45
f 65/37/46 64/33/46 29/42/46
f 27/37/47 45/34/47 65/37/47
f 45/34/48 64/33/48 65/37/48
f 98/81/49 66/1/49 132/1/49 133/81/49
f 97/6/50 71/5/50 88/4/50 85/3/50 102/7/50
f 90/8/51 91/12/51 68/11/51 95/10/51 99/9/51
f 78/13/52 67/16/52 73/15/52 70/14/52
f 6/17/53 71/20/53 97/19/53 52/18/53
f 74/21/54 86/24/54 87/23/54 69/22/54 78/13/54
f 70/14/55 73/15/55 68/11/55 91/12/55 92/25/55
f 106/26/56 102/7/56 85/3/56 81/27/56
f 79/28/57 82/30/57 76/29/57
f 76/29/58 74/21/58 89/32/58 83/31/58
f 108/33/59 106/26/59 81/27/59 93/34/59
f 107/35/60 109/37/60 94/36/60
f 77/38/61 75/41/61 101/40/61 105/39/61
f 80/42/62 104/43/62 77/38/62
f 72/44/63 71/47/63 6/46/63 18/45/63
f 87/23/64 88/4/64 71/5/64 72/48/64 69/22/64
f 92/25/65 89/32/65 74/21/65 78/13/65 70/14/65
f 17/49/66 8/52/66 162/51/66 161/50/66
f 104/43/67 100/53/67 75/41/67 77/38/67
f 100/53/68 115/55/68 116/54/68 75/41/68
f 82/30/69 86/24/69 74/21/69 76/29/69
f 94/36/70 84/57/70 103/56/70 107/35/70
f 84/57/71 90/8/71 99/9/71 103/56/71
f 54/82/72 48/83/72 126/83/72 127/82/72
f 69/22/73 72/48/73 67/16/73 78/13/73
f 75/41/74 116/54/74 117/59/74 101/40/74
f 85/3/75 88/4/75 87/23/75 86/60/75
f 89/32/76 92/25/76 91/12/76 90/61/76
f 85/3/77 86/24/77 82/30/77 81/27/77
f 84/57/78 83/31/78 89/32/78 90/8/78
f 79/62/79 93/34/79 81/27/79 82/63/79
f 53/64/32 111/66/32 115/55/32 95/65/32
f 95/10/80 115/55/80 100/53/80 99/9/80
f 102/7/81 101/40/81 117/59/81 97/6/81
f 97/19/82 117/59/82 112/67/82 52/18/82
f 99/9/83 100/53/83 104/43/83 103/56/83
f 106/26/84 105/39/84 101/40/84 102/7/84
f 80/42/85 107/69/85 103/68/85 104/43/85
f 303/74/86 53/64/86 95/65/86 68/73/86 162/72/86 8/71/86 299/70/86 306/84/86 308/85/86 307/86/86 312/87/86 310/88/86 309/89/86 311/90/86
f 106/26/87 108/33/87 80/42/87 105/39/87
f 77/38/88 80/42/88 105/39/88
f 79/37/89 94/36/89 109/37/89
f 83/31/90 84/57/90 94/36/90 79/37/90
f 76/29/91 79/28/91 83/31/91
f 80/42/92 109/37/92 107/69/92
f 109/37/93 80/42/93 108/33/93
f 79/37/94 109/37/94 93/34/94
f 93/34/95 109/37/95 108/33/95
f 48/83/96 54/82/96 111/66/96 110/55/96
f 51/91/97 50/2/97 113/59/97 112/67/97
f 1/1/98 48/83/98 110/55/98 114/54/98
f 50/2/99 1/1/99 114/54/99 113/59/99
f 54/82/100 96/58/100 115/55/100 111/66/100
f 96/58/101 66/1/101 116/54/101 115/55/101
f 98/81/102 51/91/102 112/67/102 117/59/102
f 66/1/103 98/81/103 117/59/103 116/54/103
f 269/92/104 289/93/104 137/93/104 140/92/104
f 282/94/105 269/92/105 140/92/105 135/94/105
f 281/95/106 273/96/106 141/96/106 138/95/106
f 274/97/107 281/95/107 138/95/107 142/98/107
f 50/2/108 51/91/108 120/91/108 129/2/108
f 51/91/109 98/81/109 133/81/109 120/91/109
f 96/58/110 54/82/110 127/82/110 131/58/110
f 48/83/111 1/1/111 118/1/111 126/83/111
f 122/96/112 119/99/112 127/82/112 126/83/112
f 128/93/113 123/92/113 129/2/113 120/91/113
f 130/94/114 122/96/114 126/83/114 118/1/114
f 123/92/115 130/94/115 118/1/115 129/2/115
f 119/99/116 124/96/116 131/58/116 127/82/116
f 124/96/117 121/95/117 132/1/117 131/58/117
f 125/98/118 128/93/118 120/91/118 133/81/118
f 121/95/119 125/98/119 133/81/119 132/1/119
f 137/93/120 134/100/120 135/94/120 140/92/120
f 134/100/121 136/99/121 139/96/121 135/94/121
f 137/93/122 142/98/122 138/95/122 134/100/122
f 134/100/123 138/95/123 141/96/123 136/99/123
f 289/93/124 274/97/124 142/98/124 137/93/124
f 273/96/125 293/99/125 136/99/125 141/96/125
f 294/96/126 282/94/126 135/94/126 139/96/126
f 293/99/127 294/96/127 139/96/127 136/99/127
f 151/48/128 152/101/128 143/16/128 144/48/128
f 153/15/129 154/16/129 148/16/129 150/15/129
f 152/101/130 155/15/130 145/15/130 143/16/130
f 155/102/131 156/49/131 146/49/131 145/102/131
f 156/49/132 153/103/132 150/102/132 146/49/132
f 157/45/133 151/44/133 144/44/133 147/45/133
f 154/16/134 158/48/134 149/48/134 148/16/134
f 158/44/135 157/45/135 147/45/135 149/44/135
f 72/44/136 18/45/136 157/45/136 158/44/136
f 67/16/137 72/48/137 158/48/137 154/16/137
f 18/45/138 14/44/138 151/44/138 157/45/138
f 161/50/139 73/102/139 153/103/139 156/49/139 17/49/139
f 159/50/140 17/49/140 156/49/140 155/102/140 15/102/140
f 3/16/141 15/15/141 155/15/141 152/101/141
f 73/15/142 67/16/142 154/16/142 153/15/142
f 14/48/143 3/16/143 152/101/143 151/48/143
f 161/50/144 73/102/144 166/102/144 168/50/144
f 161/50/145 162/51/145 68/104/145 73/102/145
f 160/51/146 159/50/146 15/102/146 5/104/146
f 15/102/147 159/50/147 167/50/147 164/102/147
f 15/15/148 3/16/148 163/16/148 164/15/148
f 67/16/149 73/15/149 166/15/149 165/16/149
f 165/16/150 166/15/150 172/15/150 171/16/150
f 164/102/151 167/50/151 173/50/151 170/102/151
f 164/15/152 163/16/152 169/16/152 170/15/152
f 168/50/153 166/102/153 172/102/153 174/50/153
f 161/37/154 156/49/154 153/103/154
f 161/37/155 153/103/155 154/16/155
f 67/16/156 165/16/156 154/16/156
f 165/16/157 161/37/157 154/16/157
f 168/50/158 165/16/158 161/37/158
f 165/16/159 171/16/159 174/50/159 168/50/159
f 172/102/160 174/50/160 171/16/160
f 3/16/161 163/16/161 152/101/161
f 173/50/162 167/50/162 163/16/162 169/16/162
f 170/102/163 169/16/163 173/50/163
f 167/50/164 159/50/164 163/16/164
f 163/16/165 159/50/165 152/101/165
f 17/49/166 159/50/166 156/49/166
f 156/49/167 159/50/167 155/102/167
f 155/102/168 159/50/168 152/101/168
f 146/49/169 150/102/169 226/102/169 178/49/169
f 148/16/170 149/48/170 227/48/170 225/16/170
f 145/102/171 146/49/171 178/49/171 223/102/171
f 144/48/172 143/16/172 222/16/172 224/48/172
f 179/45/173 258/105/173 147/45/173
f 150/15/174 148/16/174 225/16/174 226/15/174
f 179/45/175 147/45/175 259/105/175
f 143/16/176 145/15/176 223/15/176 222/16/176
f 230/106/177 182/107/177 250/107/177 242/106/177
f 227/44/178 258/105/178 256/105/178 187/44/178
f 229/108/179 195/109/179 255/109/179 243/108/179
f 179/45/180 259/105/180 260/105/180 186/45/180
f 181/108/181 229/108/181 243/108/181 251/108/181
f 178/49/182 226/102/182 188/102/182 185/49/182
f 196/107/183 230/106/183 242/106/183 254/107/183
f 223/102/184 178/49/184 185/49/184 184/102/184
f 185/49/182 188/102/182 236/102/182 192/49/182
f 228/108/185 176/108/185 249/108/185 240/108/185
f 184/102/184 185/49/184 192/49/184 233/102/184
f 195/109/186 194/110/186 246/110/186 255/109/186
f 187/44/178 256/105/178 257/105/178 237/44/178
f 180/111/187 181/108/187 251/108/187 245/111/187
f 186/45/180 260/105/180 261/105/180 193/45/180
f 194/110/188 196/107/188 254/107/188 246/110/188
f 193/45/189 261/105/189 263/112/189 201/45/189
f 232/16/190 233/15/190 199/15/190 197/16/190
f 192/49/191 236/102/191 204/102/191 200/49/191
f 235/16/192 237/48/192 203/48/192 202/16/192
f 233/102/193 192/49/193 200/49/193 199/102/193
f 234/48/194 232/16/194 197/16/194 198/48/194
f 237/44/195 257/105/195 265/113/195 203/44/195
f 236/15/196 235/16/196 202/16/196 204/15/196
f 203/44/197 265/113/197 262/105/197 211/44/197
f 204/15/198 202/16/198 210/16/198 212/15/198
f 201/45/199 263/112/199 264/114/199 209/45/199
f 197/16/200 199/15/200 207/15/200 205/16/200
f 200/49/201 204/102/201 212/102/201 208/49/201
f 202/16/202 203/48/202 211/48/202 210/16/202
f 199/102/203 200/49/203 208/49/203 207/102/203
f 198/48/204 197/16/204 205/16/204 206/48/204
f 207/102/205 208/49/205 216/49/205 215/102/205
f 206/48/206 205/16/206 213/16/206 214/48/206
f 262/105/207 209/45/207 217/45/207 219/44/207 211/44/207
f 212/15/208 210/16/208 218/16/208 220/15/208
f 264/114/207 206/44/207 214/44/207 217/45/207 209/45/207
f 205/16/209 207/15/209 215/15/209 213/16/209
f 208/49/210 212/102/210 220/102/210 216/49/210
f 210/16/211 211/48/211 219/48/211 218/16/211
f 216/49/212 221/37/212 215/102/212
f 216/49/213 220/102/213 221/37/213
f 220/102/214 218/16/214 221/37/214
f 218/16/215 219/48/215 221/37/215
f 219/48/216 217/45/216 221/37/216
f 214/44/217 221/37/217 217/45/217
f 213/16/218 221/37/218 214/44/218
f 215/102/219 221/37/219 213/16/219
f 177/107/220 175/115/220 222/16/220 223/15/220
f 175/115/221 176/108/221 224/48/221 222/16/221
f 180/111/222 182/107/222 226/15/222 225/16/222
f 181/108/223 180/111/223 225/16/223 227/48/223
f 176/108/224 228/108/224 183/48/224 224/48/224
f 229/108/225 181/108/225 227/48/225 187/48/225
f 182/107/226 230/106/226 188/15/226 226/15/226
f 231/106/227 177/107/227 223/15/227 184/15/227
f 189/110/228 191/107/228 233/15/228 232/16/228
f 190/108/229 189/110/229 232/16/229 234/48/229
f 196/107/230 194/110/230 235/16/230 236/15/230
f 194/110/231 195/109/231 237/48/231 235/16/231
f 230/106/226 196/107/226 236/15/226 188/15/226
f 195/109/225 229/108/225 187/48/225 237/48/225
f 191/107/227 231/106/227 184/15/227 233/15/227
f 228/108/224 190/108/224 234/48/224 183/48/224
f 249/108/232 244/115/232 238/16/232 240/108/232
f 250/107/233 245/111/233 241/16/233 242/106/233
f 244/115/234 248/107/234 239/106/234 238/16/234
f 245/111/235 251/108/235 243/108/235 241/16/235
f 241/16/236 243/108/236 255/109/236 246/110/236
f 240/108/237 238/16/237 247/110/237 253/108/237
f 242/106/238 241/16/238 246/110/238 254/107/238
f 238/16/239 239/106/239 252/107/239 247/110/239
f 231/106/240 191/107/240 252/107/240 239/106/240
f 177/107/241 231/106/241 239/106/241 248/107/241
f 175/115/242 177/107/242 248/107/242 244/115/242
f 190/108/243 228/108/243 240/108/243 253/108/243
f 191/107/244 189/110/244 247/110/244 252/107/244
f 176/108/245 175/115/245 244/115/245 249/108/245
f 189/110/246 190/108/246 253/108/246 247/110/246
f 182/107/247 180/111/247 245/111/247 250/107/247
f 119/99/248 122/96/248 297/96/248 290/116/248
f 256/105/249 258/105/249 179/45/249 186/45/249
f 257/105/249 256/105/249 186/45/249 193/45/249
f 261/105/250 260/105/250 183/44/250 234/44/250
f 260/105/250 259/105/250 224/44/250 183/44/250
f 262/105/251 265/113/251 201/45/251 209/45/251
f 265/113/252 257/105/252 193/45/252 201/45/252
f 263/112/253 261/105/253 234/44/253 198/44/253
f 264/114/254 263/112/254 198/44/254 206/44/254
f 290/116/255 297/96/255 296/96/255 291/116/255
f 291/116/256 296/96/256 295/96/256 292/99/256
f 292/99/257 295/96/257 294/96/257 293/99/257
f 122/96/258 130/94/258 285/95/258 297/96/258
f 297/96/259 285/95/259 284/95/259 296/96/259
f 296/96/260 284/95/260 283/94/260 295/96/260
f 295/96/261 283/94/261 282/94/261 294/96/261
f 124/96/262 119/99/262 290/116/262 270/96/262
f 270/96/263 290/116/263 291/116/263 271/96/263
f 271/96/264 291/116/264 292/99/264 272/96/264
f 272/96/265 292/99/265 293/99/265 273/96/265
f 128/93/266 125/98/266 277/98/266 286/117/266
f 286/117/267 277/98/267 276/98/267 287/117/267
f 287/117/268 276/98/268 275/97/268 288/118/268
f 288/118/269 275/97/269 274/97/269 289/93/269
f 125/98/270 121/95/270 278/95/270 277/98/270
f 277/98/271 278/95/271 279/95/271 276/98/271
f 276/98/272 279/95/272 280/95/272 275/97/272
f 275/97/273 280/95/273 281/95/273 274/97/273
f 121/95/274 124/96/274 270/96/274 278/95/274
f 278/95/275 270/96/275 271/96/275 279/95/275
f 279/95/276 271/96/276 272/96/276 280/95/276
f 280/95/277 272/96/277 273/96/277 281/95/277
f 130/94/278 123/92/278 266/119/278 285/95/278
f 285/95/279 266/119/279 267/119/279 284/95/279
f 284/95/280 267/119/280 268/92/280 283/94/280
f 283/94/281 268/92/281 269/92/281 282/94/281
f 123/92/282 128/93/282 286/117/282 266/119/282
f 266/119/283 286/117/283 287/117/283 267/119/283
f 267/119/284 287/117/284 288/118/284 268/92/284
f 268/92/285 288/118/285 289/93/285 269/92/285
f 149/44/286 147/45/286 258/105/286
f 144/44/287 259/105/287 147/45/287
f 259/105/288 144/44/288 224/48/288
f 258/105/289 227/48/289 149/44/289
f 312/120/290 2/121/290 4/122/290 310/123/290
f 310/123/291 4/122/291 7/124/291 309/125/291
f 7/124/292 10/126/292 311/127/292 309/125/292
f 10/126/293 13/128/293 302/129/293 303/130/293 311/127/293
f 13/128/294 16/131/294 304/132/294 302/129/294
f 16/131/295 20/133/295 301/134/295 304/132/295
f 20/133/296 22/135/296 305/136/296 301/134/296
f 22/135/297 26/137/297 300/138/297 305/136/297
f 300/138/298 26/137/298 28/139/298 298/140/298
f 298/140/299 28/139/299 31/141/299 306/142/299 299/143/299
f 306/142/300 31/141/300 35/144/300 308/145/300
f 308/145/301 35/144/301 38/146/301 307/147/301
f 307/147/302 38/146/302 2/148/302 312/149/302
f 16/150/303 13/151/303 10/152/303 7/153/303 4/154/303 2/155/303 38/156/303 35/157/303 31/158/303 28/159/303 26/160/303 22/161/303 20/162/303
f 313/47/304 321/104/304 322/163/304 315/164/304
f 315/164/305 322/163/305 323/165/305 319/166/305
f 319/166/306 323/165/306 324/167/306 317/168/306
f 317/168/307 324/167/307 321/11/307 313/5/307
f 315/169/308 319/166/308 317/168/308 313/20/308
f 314/170/307 318/171/307 352/171/307 349/170/307
f 325/172/309 328/173/309 322/174/309 321/73/309
f 328/173/310 330/175/310 323/165/310 322/174/310
f 330/175/311 332/176/311 324/167/311 323/165/311
f 332/176/312 325/172/312 321/73/312 324/167/312
f 344/177/313 341/178/313 326/179/313 331/180/313
f 331/180/314 326/179/314 334/179/314 339/180/314
f 343/181/315 344/177/315 331/180/315 329/182/315
f 329/182/316 331/180/316 339/180/316 337/182/316
f 342/183/317 343/181/317 329/182/317 327/184/317
f 327/184/318 329/182/318 337/182/318 335/184/318
f 341/178/319 342/183/319 327/184/319 326/179/319
f 326/179/320 327/184/320 335/184/320 334/179/320
f 339/180/312 334/179/312 333/172/312 340/176/312
f 337/182/311 339/180/311 340/176/311 338/175/311
f 335/184/310 337/182/310 338/175/310 336/173/310
f 334/179/309 335/184/309 336/173/309 333/172/309
f 328/173/321 325/172/321 333/172/321 336/173/321
f 330/175/322 328/173/322 336/173/322 338/175/322
f 332/176/323 330/175/323 338/175/323 340/176/323
f 325/172/324 332/176/324 340/176/324 333/172/324
f 314/170/303 316/185/303 342/183/303 341/178/303
f 316/185/303 320/186/303 343/181/303 342/183/303
f 320/186/303 318/171/303 344/177/303 343/181/303
f 318/171/303 314/170/303 341/178/303 344/177/303
f 348/187/306 347/188/306 355/188/306 356/187/306
f 320/186/305 316/185/305 350/185/305 351/186/305
f 318/171/306 320/186/306 351/186/306 352/171/306
f 316/185/304 314/170/304 349/170/304 350/185/304
f 345/189/303 346/190/303 350/185/303 349/170/303
f 346/190/303 347/188/303 351/186/303 350/185/303
f 347/188/303 348/187/303 352/171/303 351/186/303
f 348/187/303 345/189/303 349/170/303 352/171/303
f 356/187/325 355/188/325 359/188/325 360/187/325
f 346/190/304 345/189/304 353/189/304 354/190/304
f 345/189/307 348/187/307 356/187/307 353/189/307
f 347/188/305 346/190/305 354/190/305 355/188/305
f 357/189/307 360/187/307 364/187/307 361/189/307
f 354/190/326 353/189/326 357/189/326 358/190/326
f 353/189/327 356/187/327 360/187/327 357/189/327
f 355/188/328 354/190/328 358/190/328 359/188/328
f 363/188/303 362/190/303 361/189/303 364/187/303
f 359/188/305 358/190/305 362/190/305 363/188/305
f 360/187/306 359/188/306 363/188/306 364/187/306
f 358/190/304 357/189/304 361/189/304 362/190/304
f 432/191/329 374/192/329 372/193/329 422/194/329
f 367/169/330 365/166/330 366/168/330 368/20/330
f 422/194/331 372/193/331 370/195/331 402/196/331
f 373/197/332 375/198/332 380/198/332 383/197/332
f 403/199/333 376/200/333 374/192/333 432/191/333
f 369/201/334 375/198/334 376/202/334 370/195/334
f 371/203/335 369/201/335 370/195/335 372/193/335
f 373/197/336 371/203/336 372/193/336 374/192/336
f 375/198/337 373/197/337 374/204/337 376/11/337
f 402/196/338 370/195/338 376/202/338 403/205/338
f 369/201/339 371/203/339 381/203/339 377/201/339
f 371/203/340 373/197/340 383/197/340 381/206/340
f 384/207/341 379/208/341 390/208/341 386/207/341
f 375/198/342 369/201/342 377/201/342 380/198/342
f 378/209/343 379/208/343 380/198/343 377/201/343
f 382/210/344 378/209/344 377/201/344 381/203/344
f 384/207/345 382/210/345 381/206/345 383/197/345
f 379/208/346 384/207/346 383/197/346 380/198/346
f 379/208/342 378/209/342 392/209/342 390/211/342
f 378/209/339 382/210/339 388/210/339 392/212/339
f 389/213/347 391/214/347 387/215/347 385/216/347
f 385/216/345 387/215/345 388/210/345 386/207/345
f 389/213/346 385/216/346 386/207/346 390/208/346
f 391/214/343 389/213/343 390/211/343 392/209/343
f 387/215/344 391/214/344 392/212/344 388/210/344
f 382/210/340 384/207/340 386/207/340 388/210/340
f 423/217/348 412/218/348 468/218/348 471/217/348
f 415/219/349 414/220/349 424/221/349 425/222/349
f 425/222/350 410/223/350 460/223/350 463/222/350
f 398/224/351 407/225/351 451/225/351 450/224/351
f 419/226/352 429/227/352 447/227/352 445/226/352
f 400/228/353 401/229/353 404/230/353 405/231/353
f 403/199/354 432/191/354 440/191/354 435/199/354
f 424/221/355 414/220/355 470/220/355 472/221/355
f 424/221/356 411/232/356 410/223/356 425/222/356
f 426/233/357 416/234/357 462/234/357 464/233/357
f 397/235/358 417/236/358 453/236/358 449/235/358
f 399/237/359 398/224/359 418/238/359 419/226/359
f 429/227/360 419/226/360 418/238/360 428/239/360
f 406/240/361 399/237/361 441/237/361 444/240/361
f 405/241/362 404/242/362 431/243/362 430/244/362
f 421/245/363 431/243/363 439/243/363 437/245/363
f 394/246/364 411/232/364 467/232/364 466/246/364
f 411/232/365 394/246/365 395/247/365 410/248/365
f 396/249/366 409/250/366 459/250/366 458/249/366
f 407/251/367 428/239/367 456/239/367 451/251/367
f 420/252/368 400/228/368 442/228/368 446/252/368
f 420/252/369 421/245/369 401/229/369 400/228/369
f 404/230/370 401/229/370 433/229/370 436/230/370
f 393/253/371 413/254/371 469/254/371 465/253/371
f 415/219/372 395/247/372 394/246/372 414/220/372
f 395/247/373 415/219/373 461/219/373 457/247/373
f 417/236/374 427/255/374 455/255/374 453/236/374
f 398/224/375 399/237/375 406/256/375 407/225/375
f 428/239/376 407/251/376 406/256/376 429/227/376
f 429/227/377 406/256/377 444/256/377 447/227/377
f 430/244/378 431/243/378 421/245/378 420/252/378
f 422/194/379 402/196/379 434/196/379 438/194/379
f 433/229/380 434/196/380 435/205/380 436/230/380
f 436/242/381 435/199/381 440/191/381 439/243/381
f 437/245/382 438/194/382 434/196/382 433/229/382
f 439/243/383 440/191/383 438/194/383 437/245/383
f 401/229/384 421/245/384 437/245/384 433/229/384
f 402/196/385 403/205/385 435/205/385 434/196/385
f 432/191/386 422/194/386 438/194/386 440/191/386
f 431/243/387 404/242/387 436/242/387 439/243/387
f 441/237/388 442/228/388 443/231/388 444/240/388
f 444/256/389 443/241/389 448/244/389 447/227/389
f 445/226/390 446/252/390 442/228/390 441/237/390
f 447/227/391 448/244/391 446/252/391 445/226/391
f 405/241/392 430/244/392 448/244/392 443/241/392
f 399/237/393 419/226/393 445/226/393 441/237/393
f 400/228/394 405/231/394 443/231/394 442/228/394
f 430/244/395 420/252/395 446/252/395 448/244/395
f 449/235/396 450/224/396 451/225/396 452/257/396
f 452/258/397 451/251/397 456/239/397 455/255/397
f 453/236/398 454/238/398 450/224/398 449/235/398
f 455/255/399 456/239/399 454/238/399 453/236/399
f 428/239/400 418/238/400 454/238/400 456/239/400
f 427/255/401 408/258/401 452/258/401 455/255/401
f 418/238/402 398/224/402 450/224/402 454/238/402
f 408/257/403 397/235/403 449/235/403 452/257/403
f 457/247/404 458/249/404 459/250/404 460/248/404
f 460/223/405 459/259/405 464/233/405 463/222/405
f 461/219/406 462/234/406 458/249/406 457/247/406
f 463/222/407 464/233/407 462/234/407 461/219/407
f 416/234/408 396/249/408 458/249/408 462/234/408
f 410/248/409 395/247/409 457/247/409 460/248/409
f 415/219/410 425/222/410 463/222/410 461/219/410
f 409/259/411 426/233/411 464/233/411 459/259/411
f 465/253/412 466/246/412 467/232/412 468/260/412
f 468/218/413 467/261/413 472/221/413 471/217/413
f 469/254/414 470/220/414 466/246/414 465/253/414
f 471/217/415 472/221/415 470/220/415 469/254/415
f 414/220/416 394/246/416 466/246/416 470/220/416
f 412/260/417 393/253/417 465/253/417 468/260/417
f 413/254/418 423/217/418 471/217/418 469/254/418
f 411/261/419 424/221/419 472/221/419 467/261/419
f 366/168/420 365/166/420 413/254/420 393/253/420
f 368/20/421 366/168/421 393/253/421 412/260/421
f 367/169/422 368/20/422 412/218/422 423/217/422
f 365/166/423 367/169/423 423/217/423 413/254/423
f 417/236/424 397/235/424 396/249/424 416/234/424
f 408/258/425 427/255/425 426/233/425 409/259/425
f 396/249/426 397/235/426 408/258/426 409/250/426
f 417/236/427 416/234/427 426/233/427 427/255/427
f 540/191/428 482/192/428 480/193/428 530/194/428
f 475/169/429 473/166/429 474/168/429 476/20/429
f 530/194/430 480/193/430 478/195/430 510/196/430
f 481/197/431 483/198/431 488/198/431 491/197/431
f 511/199/432 484/200/432 482/192/432 540/191/432
f 477/201/433 483/198/433 484/202/433 478/195/433
f 479/203/434 477/201/434 478/195/434 480/193/434
f 481/197/435 479/203/435 480/193/435 482/192/435
f 483/198/436 481/197/436 482/204/436 484/11/436
f 510/196/437 478/195/437 484/202/437 511/205/437
f 477/201/438 479/203/438 489/203/438 485/201/438
f 479/203/439 481/197/439 491/197/439 489/206/439
f 492/207/440 487/208/440 498/208/440 494/207/440
f 483/198/441 477/201/441 485/201/441 488/198/441
f 486/209/442 487/208/442 488/198/442 485/201/442
f 490/210/443 486/209/443 485/201/443 489/203/443
f 492/207/444 490/210/444 489/206/444 491/197/444
f 487/208/445 492/207/445 491/197/445 488/198/445
f 487/208/441 486/209/441 500/209/441 498/211/441
f 486/209/438 490/210/438 496/210/438 500/212/438
f 497/213/446 499/214/446 495/215/446 493/216/446
f 493/216/444 495/215/444 496/210/444 494/207/444
f 497/213/445 493/216/445 494/207/445 498/208/445
f 499/214/442 497/213/442 498/211/442 500/209/442
f 495/215/443 499/214/443 500/212/443 496/210/443
f 490/210/439 492/207/439 494/207/439 496/210/439
f 531/217/447 520/218/447 576/218/447 579/217/447
f 523/219/448 522/220/448 532/221/448 533/222/448
f 533/222/449 518/223/449 568/223/449 571/222/449
f 506/224/450 515/225/450 559/225/450 558/224/450
f 527/226/451 537/227/451 555/227/451 553/226/451
f 508/228/452 509/229/452 512/230/452 513/231/452
f 511/199/453 540/191/453 548/191/453 543/199/453
f 532/221/454 522/220/454 578/220/454 580/221/454
f 532/221/455 519/232/455 518/223/455 533/222/455
f 534/233/456 524/234/456 570/234/456 572/233/456
f 505/235/457 525/236/457 561/236/457 557/235/457
f 507/237/458 506/224/458 526/238/458 527/226/458
f 537/227/459 527/226/459 526/238/459 536/239/459
f 514/240/460 507/237/460 549/237/460 552/240/460
f 513/241/461 512/242/461 539/243/461 538/244/461
f 529/245/462 539/243/462 547/243/462 545/245/462
f 502/246/463 519/232/463 575/232/463 574/246/463
f 519/232/464 502/246/464 503/247/464 518/248/464
f 504/249/465 517/250/465 567/250/465 566/249/465
f 515/251/466 536/239/466 564/239/466 559/251/466
f 528/252/467 508/228/467 550/228/467 554/252/467
f 528/252/468 529/245/468 509/229/468 508/228/468
f 512/230/469 509/229/469 541/229/469 544/230/469
f 501/253/470 521/254/470 577/254/470 573/253/470
f 523/219/471 503/247/471 502/246/471 522/220/471
f 503/247/472 523/219/472 569/219/472 565/247/472
f 525/236/473 535/255/473 563/255/473 561/236/473
f 506/224/474 507/237/474 514/256/474 515/225/474
f 536/239/475 515/251/475 514/256/475 537/227/475
f 537/227/476 514/256/476 552/256/476 555/227/476
f 538/244/477 539/243/477 529/245/477 528/252/477
f 530/194/478 510/196/478 542/196/478 546/194/478
f 541/229/479 542/196/479 543/205/479 544/230/479
f 544/242/480 543/199/480 548/191/480 547/243/480
f 545/245/481 546/194/481 542/196/481 541/229/481
f 547/243/482 548/191/482 546/194/482 545/245/482
f 509/229/483 529/245/483 545/245/483 541/229/483
f 510/196/484 511/205/484 543/205/484 542/196/484
f 540/191/485 530/194/485 546/194/485 548/191/485
f 539/243/486 512/242/486 544/242/486 547/243/486
f 549/237/487 550/228/487 551/231/487 552/240/487
f 552/256/488 551/241/488 556/244/488 555/227/488
f 553/226/489 554/252/489 550/228/489 549/237/489
f 555/227/490 556/244/490 554/252/490 553/226/490
f 513/241/491 538/244/491 556/244/491 551/241/491
f 507/237/492 527/226/492 553/226/492 549/237/492
f 508/228/493 513/231/493 551/231/493 550/228/493
f 538/244/494 528/252/494 554/252/494 556/244/494
f 557/235/495 558/224/495 559/225/495 560/257/495
f 560/258/496 559/251/496 564/239/496 563/255/496
f 561/236/497 562/238/497 558/224/497 557/235/497
f 563/255/498 564/239/498 562/238/498 561/236/498
f 536/239/499 526/238/499 562/238/499 564/239/499
f 535/255/500 516/258/500 560/258/500 563/255/500
f 526/238/501 506/224/501 558/224/501 562/238/501
f 516/257/502 505/235/502 557/235/502 560/257/502
f 565/247/503 566/249/503 567/250/503 568/248/503
f 568/223/504 567/259/504 572/233/504 571/222/504
f 569/219/505 570/234/505 566/249/505 565/247/505
f 571/222/506 572/233/506 570/234/506 569/219/506
f 524/234/507 504/249/507 566/249/507 570/234/507
f 518/248/508 503/247/508 565/247/508 568/248/508
f 523/219/509 533/222/509 571/222/509 569/219/509
f 517/259/510 534/233/510 572/233/510 567/259/510
f 573/253/511 574/246/511 575/232/511 576/260/511
f 576/218/512 575/261/512 580/221/512 579/217/512
f 577/254/513 578/220/513 574/246/513 573/253/513
f 579/217/514 580/221/514 578/220/514 577/254/514
f 522/220/515 502/246/515 574/246/515 578/220/515
f 520/260/516 501/253/516 573/253/516 576/260/516
f 521/254/517 531/217/517 579/217/517 577/254/517
f 519/261/518 532/221/518 580/221/518 575/261/518
f 474/168/519 473/166/519 521/254/519 501/253/519
f 476/20/520 474/168/520 501/253/520 520/260/520
f 475/169/521 476/20/521 520/218/521 531/217/521
f 473/166/522 475/169/522 531/217/522 521/254/522
f 525/236/523 505/235/523 504/249/523 524/234/523
f 516/258/524 535/255/524 534/233/524 517/259/524
f 504/249/525 505/235/525 516/258/525 517/250/525
f 525/236/526 524/234/526 534/233/526 535/255/526
f 648/191/527 590/192/527 588/193/527 638/194/527
f 583/169/528 581/166/528 582/168/528 584/20/528
f 638/194/529 588/193/529 586/195/529 618/196/529
f 589/197/530 591/198/530 596/198/530 599/197/530
f 619/199/531 592/200/531 590/192/531 648/191/531
f 585/201/532 591/198/532 592/202/532 586/195/532
f 587/203/533 585/201/533 586/195/533 588/193/533
f 589/197/534 587/203/534 588/193/534 590/192/534
f 591/198/535 589/197/535 590/204/535 592/11/535
f 618/196/536 586/195/536 592/202/536 619/205/536
f 585/201/537 587/203/537 597/203/537 593/201/537
f 587/203/538 589/197/538 599/197/538 597/206/538
f 600/207/539 595/208/539 606/208/539 602/207/539
f 591/198/540 585/201/540 593/201/540 596/198/540
f 594/209/541 595/208/541 596/198/541 593/201/541
f 598/210/542 594/209/542 593/201/542 597/203/542
f 600/207/543 598/210/543 597/206/543 599/197/543
f 595/208/544 600/207/544 599/197/544 596/198/544
f 595/208/540 594/209/540 608/209/540 606/211/540
f 594/209/537 598/210/537 604/210/537 608/212/537
f 605/213/545 607/214/545 603/215/545 601/216/545
f 601/216/543 603/215/543 604/210/543 602/207/543
f 605/213/544 601/216/544 602/207/544 606/208/544
f 607/214/541 605/213/541 606/211/541 608/209/541
f 603/215/542 607/214/542 608/212/542 604/210/542
f 598/210/538 600/207/538 602/207/538 604/210/538
f 639/217/546 628/218/546 684/218/546 687/217/546
f 631/219/547 630/220/547 640/221/547 641/222/547
f 641/222/548 626/223/548 676/223/548 679/222/548
f 614/224/549 623/225/549 667/225/549 666/224/549
f 635/226/550 645/227/550 663/227/550 661/226/550
f 616/228/551 617/229/551 620/230/551 621/231/551
f 619/199/552 648/191/552 656/191/552 651/199/552
f 640/221/553 630/220/553 686/220/553 688/221/553
f 640/221/554 627/232/554 626/223/554 641/222/554
f 642/233/555 632/234/555 678/234/555 680/233/555
f 613/235/556 633/236/556 669/236/556 665/235/556
f 615/237/557 614/224/557 634/238/557 635/226/557
f 645/227/558 635/226/558 634/238/558 644/239/558
f 622/240/559 615/237/559 657/237/559 660/240/559
f 621/241/560 620/242/560 647/243/560 646/244/560
f 637/245/561 647/243/561 655/243/561 653/245/561
f 610/246/562 627/232/562 683/232/562 682/246/562
f 627/232/563 610/246/563 611/247/563 626/248/563
f 612/249/564 625/250/564 675/250/564 674/249/564
f 623/251/565 644/239/565 672/239/565 667/251/565
f 636/252/566 616/228/566 658/228/566 662/252/566
f 636/252/567 637/245/567 617/229/567 616/228/567
f 620/230/568 617/229/568 649/229/568 652/230/568
f 609/253/569 629/254/569 685/254/569 681/253/569
f 631/219/570 611/247/570 610/246/570 630/220/570
f 611/247/571 631/219/571 677/219/571 673/247/571
f 633/236/572 643/255/572 671/255/572 669/236/572
f 614/224/573 615/237/573 622/256/573 623/225/573
f 644/239/574 623/251/574 622/256/574 645/227/574
f 645/227/575 622/256/575 660/256/575 663/227/575
f 646/244/576 647/243/576 637/245/576 636/252/576
f 638/194/577 618/196/577 650/196/577 654/194/577
f 649/229/578 650/196/578 651/205/578 652/230/578
f 652/242/579 651/199/579 656/191/579 655/243/579
f 653/245/580 654/194/580 650/196/580 649/229/580
f 655/243/581 656/191/581 654/194/581 653/245/581
f 617/229/582 637/245/582 653/245/582 649/229/582
f 618/196/583 619/205/583 651/205/583 650/196/583
f 648/191/584 638/194/584 654/194/584 656/191/584
f 647/243/585 620/242/585 652/242/585 655/243/585
f 657/237/586 658/228/586 659/231/586 660/240/586
f 660/256/587 659/241/587 664/244/587 663/227/587
f 661/226/588 662/252/588 658/228/588 657/237/588
f 663/227/589 664/244/589 662/252/589 661/226/589
f 621/241/590 646/244/590 664/244/590 659/241/590
f 615/237/591 635/226/591 661/226/591 657/237/591
f 616/228/592 621/231/592 659/231/592 658/228/592
f 646/244/593 636/252/593 662/252/593 664/244/593
f 665/235/594 666/224/594 667/225/594 668/257/594
f 668/258/595 667/251/595 672/239/595 671/255/595
f 669/236/596 670/238/596 666/224/596 665/235/596
f 671/255/597 672/239/597 670/238/597 669/236/597
f 644/239/598 634/238/598 670/238/598 672/239/598
f 643/255/599 624/258/599 668/258/599 671/255/599
f 634/238/600 614/224/600 666/224/600 670/238/600
f 624/257/601 613/235/601 665/235/601 668/257/601
f 673/247/602 674/249/602 675/250/602 676/248/602
f 676/223/603 675/259/603 680/233/603 679/222/603
f 677/219/604 678/234/604 674/249/604 673/247/604
f 679/222/605 680/233/605 678/234/605 677/219/605
f 632/234/606 612/249/606 674/249/606 678/234/606
f 626/248/607 611/247/607 673/247/607 676/248/607
f 631/219/608 641/222/608 679/222/608 677/219/608
f 625/259/609 642/233/609 680/233/609 675/259/609
f 681/253/610 682/246/610 683/232/610 684/260/610
f 684/218/611 683/261/611 688/221/611 687/217/611
f 685/254/612 686/220/612 682/246/612 681/253/612
f 687/217/613 688/221/613 686/220/613 685/254/613
f 630/220/614 610/246/614 682/246/614 686/220/614
f 628/260/615 609/253/615 681/253/615 684/260/615
f 629/254/616 639/217/616 687/217/616 685/254/616
f 627/261/617 640/221/617 688/221/617 683/261/617
f 582/168/618 581/166/618 629/254/618 609/253/618
f 584/20/619 582/168/619 609/253/619 628/260/619
f 583/169/620 584/20/620 628/218/620 639/217/620
f 581/166/621 583/169/621 639/217/621 629/254/621
f 633/236/622 613/235/622 612/249/622 632/234/622
f 624/258/623 643/255/623 642/233/623 625/259/623
f 612/249/624 613/235/624 624/258/624 625/250/624
f 633/236/625 632/234/625 642/233/625 643/255/625
f 756/191/626 698/192/626 696/193/626 746/194/626
f 691/169/627 689/166/627 690/168/627 692/20/627
f 746/194/628 696/193/628 694/195/628 726/196/628
f 697/197/629 699/198/629 704/198/629 707/197/629
f 727/199/630 700/200/630 698/192/630 756/191/630
f 693/201/631 699/198/631 700/202/631 694/195/631
f 695/203/632 693/201/632 694/195/632 696/193/632
f 697/197/633 695/203/633 696/193/633 698/192/633
f 699/198/634 697/197/634 698/204/634 700/11/634
f 726/196/635 694/195/635 700/202/635 727/205/635
f 693/201/636 695/203/636 705/203/636 701/201/636
f 695/203/637 697/197/637 707/197/637 705/206/637
f 708/207/629 703/208/629 714/208/629 710/207/629
f 699/198/638 693/201/638 701/201/638 704/198/638
f 702/209/639 703/208/639 704/198/639 701/201/639
f 706/210/640 702/209/640 701/201/640 705/203/640
f 708/207/641 706/210/641 705/206/641 707/197/641
f 703/208/642 708/207/642 707/197/642 704/198/642
f 703/208/638 702/209/638 716/209/638 714/211/638
f 702/209/636 706/210/636 712/210/636 716/212/636
f 713/213/643 715/214/643 711/215/643 709/216/643
f 709/216/641 711/215/641 712/210/641 710/207/641
f 713/213/642 709/216/642 710/207/642 714/208/642
f 715/214/639 713/213/639 714/211/639 716/209/639
f 711/215/644 715/214/644 716/212/644 712/210/644
f 706/210/637 708/207/637 710/207/637 712/210/637
f 747/217/645 736/218/645 792/218/645 795/217/645
f 739/219/646 738/220/646 748/221/646 749/222/646
f 749/222/647 734/223/647 784/223/647 787/222/647
f 722/224/648 731/225/648 775/225/648 774/224/648
f 743/226/649 753/227/649 771/227/649 769/226/649
f 724/228/650 725/229/650 728/230/650 729/231/650
f 727/199/651 756/191/651 764/191/651 759/199/651
f 748/221/652 738/220/652 794/220/652 796/221/652
f 748/221/653 735/232/653 734/223/653 749/222/653
f 750/233/654 740/234/654 786/234/654 788/233/654
f 721/235/655 741/236/655 777/236/655 773/235/655
f 723/237/656 722/224/656 742/238/656 743/226/656
f 753/227/657 743/226/657 742/238/657 752/239/657
f 730/240/658 723/237/658 765/237/658 768/240/658
f 729/241/659 728/242/659 755/243/659 754/244/659
f 745/245/660 755/243/660 763/243/660 761/245/660
f 718/246/661 735/232/661 791/232/661 790/246/661
f 735/232/662 718/246/662 719/247/662 734/248/662
f 720/249/663 733/250/663 783/250/663 782/249/663
f 731/251/664 752/239/664 780/239/664 775/251/664
f 744/252/665 724/228/665 766/228/665 770/252/665
f 744/252/666 745/245/666 725/229/666 724/228/666
f 728/230/667 725/229/667 757/229/667 760/230/667
f 717/253/668 737/254/668 793/254/668 789/253/668
f 739/219/669 719/247/669 718/246/669 738/220/669
f 719/247/670 739/219/670 785/219/670 781/247/670
f 741/236/671 751/255/671 779/255/671 777/236/671
f 722/224/672 723/237/672 730/256/672 731/225/672
f 752/239/673 731/251/673 730/256/673 753/227/673
f 753/227/674 730/256/674 768/256/674 771/227/674
f 754/244/675 755/243/675 745/245/675 744/252/675
f 746/194/676 726/196/676 758/196/676 762/194/676
f 757/229/677 758/196/677 759/205/677 760/230/677
f 760/242/678 759/199/678 764/191/678 763/243/678
f 761/245/679 762/194/679 758/196/679 757/229/679
f 763/243/680 764/191/680 762/194/680 761/245/680
f 725/229/681 745/245/681 761/245/681 757/229/681
f 726/196/682 727/205/682 759/205/682 758/196/682
f 756/191/683 746/194/683 762/194/683 764/191/683
f 755/243/684 728/242/684 760/242/684 763/243/684
f 765/237/685 766/228/685 767/231/685 768/240/685
f 768/256/686 767/241/686 772/244/686 771/227/686
f 769/226/687 770/252/687 766/228/687 765/237/687
f 771/227/688 772/244/688 770/252/688 769/226/688
f 729/241/689 754/244/689 772/244/689 767/241/689
f 723/237/690 743/226/690 769/226/690 765/237/690
f 724/228/691 729/231/691 767/231/691 766/228/691
f 754/244/692 744/252/692 770/252/692 772/244/692
f 773/235/693 774/224/693 775/225/693 776/257/693
f 776/258/694 775/251/694 780/239/694 779/255/694
f 777/236/695 778/238/695 774/224/695 773/235/695
f 779/255/696 780/239/696 778/238/696 777/236/696
f 752/239/697 742/238/697 778/238/697 780/239/697
f 751/255/698 732/258/698 776/258/698 779/255/698
f 742/238/699 722/224/699 774/224/699 778/238/699
f 732/257/700 721/235/700 773/235/700 776/257/700
f 781/247/701 782/249/701 783/250/701 784/248/701
f 784/223/702 783/259/702 788/233/702 787/222/702
f 785/219/703 786/234/703 782/249/703 781/247/703
f 787/222/704 788/233/704 786/234/704 785/219/704
f 740/234/705 720/249/705 782/249/705 786/234/705
f 734/248/706 719/247/706 781/247/706 784/248/706
f 739/219/707 749/222/707 787/222/707 785/219/707
f 733/259/708 750/233/708 788/233/708 783/259/708
f 789/253/709 790/246/709 791/232/709 792/260/709
f 792/218/710 791/261/710 796/221/710 795/217/710
f 793/254/711 794/220/711 790/246/711 789/253/711
f 795/217/712 796/221/712 794/220/712 793/254/712
f 738/220/713 718/246/713 790/246/713 794/220/713
f 736/260/714 717/253/714 789/253/714 792/260/714
f 737/254/715 747/217/715 795/217/715 793/254/715
f 735/261/716 748/221/716 796/221/716 791/261/716
f 690/168/717 689/166/717 737/254/717 717/253/717
f 692/20/718 690/168/718 717/253/718 736/260/718
f 691/169/719 692/20/719 736/218/719 747/217/719
f 689/166/720 691/169/720 747/217/720 737/254/720
f 741/236/721 721/235/721 720/249/721 740/234/721
f 732/258/722 751/255/722 750/233/722 733/259/722
f 720/249/723 721/235/723 732/258/723 733/250/723
f 741/236/724 740/234/724 750/233/724 751/255/724
f 797/47/305 805/104/305 806/163/305 799/164/305
f 799/164/306 806/163/306 807/165/306 803/166/306
f 803/166/307 807/165/307 808/167/307 801/168/307
f 801/168/304 808/167/304 805/11/304 797/5/304
f 799/169/308 803/166/308 801/168/308 797/20/308
f 798/170/304 802/171/304 836/171/304 833/170/304
f 809/172/310 812/173/310 806/174/310 805/73/310
f 812/173/311 814/175/311 807/165/311 806/174/311
f 814/175/312 816/176/312 808/167/312 807/165/312
f 816/176/309 809/172/309 805/73/309 808/167/309
f 828/177/319 825/178/319 810/179/319 815/180/319
f 815/180/320 810/179/320 818/179/320 823/180/320
f 827/181/313 828/177/313 815/180/313 813/182/313
f 813/182/314 815/180/314 823/180/314 821/182/314
f 826/183/315 827/181/315 813/182/315 811/184/315
f 811/184/316 813/182/316 821/182/316 819/184/316
f 825/178/317 826/183/317 811/184/317 810/179/317
f 810/179/318 811/184/318 819/184/318 818/179/318
f 823/180/309 818/179/309 817/172/309 824/176/309
f 821/182/312 823/180/312 824/176/312 822/175/312
f 819/184/311 821/182/311 822/175/311 820/173/311
f 818/179/310 819/184/310 820/173/310 817/172/310
f 812/173/322 809/172/322 817/172/322 820/173/322
f 814/175/323 812/173/323 820/173/323 822/175/323
f 816/176/324 814/175/324 822/175/324 824/176/324
f 809/172/321 816/176/321 824/176/321 817/172/321
f 798/170/303 800/185/303 826/183/303 825/178/303
f 800/185/303 804/186/303 827/181/303 826/183/303
f 804/186/303 802/171/303 828/177/303 827/181/303
f 802/171/303 798/170/303 825/178/303 828/177/303
f 832/187/307 831/188/307 839/188/307 840/187/307
f 804/186/306 800/185/306 834/185/306 835/186/306
f 802/171/307 804/186/307 835/186/307 836/171/307
f 800/185/305 798/170/305 833/170/305 834/185/305
f 829/189/303 830/190/303 834/185/303 833/170/303
f 830/190/303 831/188/303 835/186/303 834/185/303
f 831/188/303 832/187/303 836/171/303 835/186/303
f 832/187/303 829/189/303 833/170/303 836/171/303
f 840/187/327 839/188/327 843/188/327 844/187/327
f 830/190/305 829/189/305 837/189/305 838/190/305
f 829/189/304 832/187/304 840/187/304 837/189/304
f 831/188/306 830/190/306 838/190/306 839/188/306
f 841/189/304 844/187/304 848/187/304 845/189/304
f 838/190/328 837/189/328 841/189/328 842/190/328
f 837/189/326 840/187/326 844/187/326 841/189/326
f 839/188/325 838/190/325 842/190/325 843/188/325
f 847/188/303 846/190/303 845/189/303 848/187/303
f 843/188/306 842/190/306 846/190/306 847/188/306
f 844/187/307 843/188/307 847/188/307 848/187/307
f 842/190/305 841/189/305 845/189/305 846/190/305
f 849/47/306 857/104/306 858/163/306 851/164/306
f 851/164/307 858/163/307 859/165/307 855/166/307
f 855/166/304 859/165/304 860/167/304 853/168/304
f 853/168/305 860/167/305 857/11/305 849/5/305
f 851/169/308 855/166/308 853/168/308 849/20/308
f 850/170/305 854/171/305 888/171/305 885/170/305
f 861/172/311 864/173/311 858/174/311 857/73/311
f 864/173/312 866/175/312 859/165/312 858/174/312
f 866/175/309 868/176/309 860/167/309 859/165/309
f 868/176/310 861/172/310 857/73/310 860/167/310
f 880/177/317 877/178/317 862/179/317 867/180/317
f 867/180/318 862/179/318 870/179/318 875/180/318
f 879/181/319 880/177/319 867/180/319 865/182/319
f 865/182/320 867/180/320 875/180/320 873/182/320
f 878/183/313 879/181/313 865/182/313 863/184/313
f 863/184/314 865/182/314 873/182/314 871/184/314
f 877/178/315 878/183/315 863/184/315 862/179/315
f 862/179/316 863/184/316 871/184/316 870/179/316
f 875/180/310 870/179/310 869/172/310 876/176/310
f 873/182/309 875/180/309 876/176/309 874/175/309
f 871/184/312 873/182/312 874/175/312 872/173/312
f 870/179/311 871/184/311 872/173/311 869/172/311
f 864/173/323 861/172/323 869/172/323 872/173/323
f 866/175/324 864/173/324 872/173/324 874/175/324
f 868/176/321 866/175/321 874/175/321 876/176/321
f 861/172/322 868/176/322 876/176/322 869/172/322
f 850/170/303 852/185/303 878/183/303 877/178/303
f 852/185/303 856/186/303 879/181/303 878/183/303
f 856/186/303 854/171/303 880/177/303 879/181/303
f 854/171/303 850/170/303 877/178/303 880/177/303
f 884/187/304 883/188/304 891/188/304 892/187/304
f 856/186/307 852/185/307 886/185/307 887/186/307
f 854/171/304 856/186/304 887/186/304 888/171/304
f 852/185/306 850/170/306 885/170/306 886/185/306
f 881/189/303 882/190/303 886/185/303 885/170/303
f 882/190/303 883/188/303 887/186/303 886/185/303
f 883/188/303 884/187/303 888/171/303 887/186/303
f 884/187/303 881/189/303 885/170/303 888/171/303
f 892/187/326 891/188/326 895/188/326 896/187/326
f 882/190/306 881/189/306 889/189/306 890/190/306
f 881/189/305 884/187/305 892/187/305 889/189/305
f 883/188/307 882/190/307 890/190/307 891/188/307
f 893/189/305 896/187/305 900/187/305 897/189/305
f 890/190/325 889/189/325 893/189/325 894/190/325
f 889/189/328 892/187/328 896/187/328 893/189/328
f 891/188/327 890/190/327 894/190/327 895/188/327
f 899/188/303 898/190/303 897/189/303 900/187/303
f 895/188/307 894/190/307 898/190/307 899/188/307
f 896/187/304 895/188/304 899/188/304 900/187/304
f 894/190/306 893/189/306 897/189/306 898/190/306
f 901/47/307 909/104/307 910/163/307 903/164/307
f 903/164/304 910/163/304 911/165/304 907/166/304
f 907/166/305 911/165/305 912/167/305 905/168/305
f 905/168/306 912/167/306 909/11/306 901/5/306
f 903/169/308 907/166/308 905/168/308 901/20/308
f 902/170/306 906/171/306 940/171/306 937/170/306
f 913/172/312 916/173/312 910/174/312 909/73/312
f 916/173/309 918/175/309 911/165/309 910/174/309
f 918/175/310 920/176/310 912/167/310 911/165/310
f 920/176/311 913/172/311 909/73/311 912/167/311
f 932/177/315 929/178/315 914/179/315 919/180/315
f 919/180/316 914/179/316 922/179/316 927/180/316
f 931/181/317 932/177/317 919/180/317 917/182/317
f 917/182/318 919/180/318 927/180/318 925/182/318
f 930/183/319 931/181/319 917/182/319 915/184/319
f 915/184/320 917/182/320 925/182/320 923/184/320
f 929/178/313 930/183/313 915/184/313 914/179/313
f 914/179/314 915/184/314 923/184/314 922/179/314
f 927/180/311 922/179/311 921/172/311 928/176/311
f 925/182/310 927/180/310 928/176/310 926/175/310
f 923/184/309 925/182/309 926/175/309 924/173/309
f 922/179/312 923/184/312 924/173/312 921/172/312
f 916/173/324 913/172/324 921/172/324 924/173/324
f 918/175/321 916/173/321 924/173/321 926/175/321
f 920/176/322 918/175/322 926/175/322 928/176/322
f 913/172/323 920/176/323 928/176/323 921/172/323
f 902/170/303 904/185/303 930/183/303 929/178/303
f 904/185/303 908/186/303 931/181/303 930/183/303
f 908/186/303 906/171/303 932/177/303 931/181/303
f 906/171/303 902/170/303 929/178/303 932/177/303
f 936/187/305 935/188/305 943/188/305 944/187/305
f 908/186/304 904/185/304 938/185/304 939/186/304
f 906/171/305 908/186/305 939/186/305 940/171/305
f 904/185/307 902/170/307 937/170/307 938/185/307
f 933/189/303 934/190/303 938/185/303 937/170/303
f 934/190/303 935/188/303 939/186/303 938/185/303
f 935/188/303 936/187/303 940/171/303 939/186/303
f 936/187/303 933/189/303 937/170/303 940/171/303
f 944/187/328 943/188/328 947/188/328 948/187/328
f 934/190/307 933/189/307 941/189/307 942/190/307
f 933/189/306 936/187/306 944/187/306 941/189/306
f 935/188/304 934/190/304 942/190/304 943/188/304
f 945/189/306 948/187/306 952/187/306 949/189/306
f 942/190/327 941/189/327 945/189/327 946/190/327
f 941/189/325 944/187/325 948/187/325 945/189/325
f 943/188/326 942/190/326 946/190/326 947/188/326
f 951/188/303 950/190/303 949/189/303 952/187/303
f 947/188/304 946/190/304 950/190/304 951/188/304
f 948/187/305 947/188/305 951/188/305 952/187/305
f 946/190/307 945/189/307 949/189/307 950/190/307
o Cube.001
v -33.150585 1.293543 0.400694
v -33.041698 3.008874 0.291808
v -33.150585 1.293543 -0.160388
v -33.041698 3.008874 -0.051502
v -32.589500 1.293543 0.400694
v -32.698387 3.008874 0.291808
v -32.589500 1.293543 -0.160388
v -32.698387 3.008874 -0.051502
v -33.150585 3.008874 0.400694
v -33.150585 3.008874 -0.160388
v -32.589500 3.008874 -0.160388
v -32.589500 3.008874 0.400694
v -33.041698 3.067123 0.291808
v -33.041698 3.067123 -0.051502
v -32.698387 3.067123 -0.051502
v -32.698387 3.067123 0.291808
v -32.601864 3.074001 -0.148026
v -32.601864 3.074001 0.388332
v -33.138222 3.074001 0.388332
v -33.138222 3.074001 -0.148026
v -32.601864 3.489027 -0.148026
v -32.601864 3.489027 0.388332
v -33.138222 3.489027 0.388332
v -33.138222 3.489027 -0.148026
vn -1.0000 -0.0000 -0.0000
vn -0.0000 -0.0000 -1.0000
vn 1.0000 -0.0000 -0.0000
vn -0.0000 -0.0000 1.0000
vn -0.0000 -1.0000 -0.0000
vn -0.0000 1.0000 -0.0000
vn 0.0156 -0.9999 -0.0000
vn -0.0000 -0.9999 -0.0156
vn -0.0000 -0.9999 0.0156
vn -0.0156 -0.9999 -0.0000
vt 0.375000 0.000000
vt 0.625000 0.000000
vt 0.625000 0.250000
vt 0.375000 0.250000
vt 0.625000 0.500000
vt 0.375000 0.500000
vt 0.625000 0.750000
vt 0.375000 0.750000
vt 0.625000 1.000000
vt 0.375000 1.000000
vt 0.125000 0.500000
vt 0.125000 0.750000
vt 0.673516 0.701484
vt 0.673516 0.548516
vt 0.826484 0.701484
vt 0.826484 0.548516
vt 0.875000 0.500000
vt 0.875000 0.750000
s 1
f 953/262/725 961/263/725 962/264/725 955/265/725
f 955/265/726 962/264/726 963/266/726 959/267/726
f 959/267/727 963/266/727 964/268/727 957/269/727
f 957/269/728 964/268/728 961/270/728 953/271/728
f 955/272/729 959/267/729 957/269/729 953/273/729
f 958/274/727 960/275/727 967/275/727 968/274/727
f 954/276/730 956/277/730 962/278/730 961/279/730
f 956/277/730 960/275/730 963/266/730 962/278/730
f 960/275/730 958/274/730 964/268/730 963/266/730
f 958/274/730 954/276/730 961/279/730 964/268/730
f 966/277/731 965/276/731 969/276/731 970/277/731
f 956/277/725 954/276/725 965/276/725 966/277/725
f 954/276/728 958/274/728 968/274/728 965/276/728
f 960/275/726 956/277/726 966/277/726 967/275/726
f 969/276/726 972/274/726 976/274/726 973/276/726
f 965/276/732 968/274/732 972/274/732 969/276/732
f 967/275/733 966/277/733 970/277/733 971/275/733
f 968/274/734 967/275/734 971/275/734 972/274/734
f 975/275/730 974/277/730 973/276/730 976/274/730
f 971/275/728 970/277/728 974/277/728 975/275/728
f 972/274/725 971/275/725 975/275/725 976/274/725
f 970/277/727 969/276/727 973/276/727 974/277/727
